课程名字,课程链接
【经验分享】恋爱中出现了中间人怎么办？,https://www.cnblogs.com/upyun/p/16850437.html
文盘Rust -- 把程序作为守护进程启动,https://www.cnblogs.com/Jcloud/p/16850261.html
如何在.NET程序崩溃时自动创建Dump？,https://www.cnblogs.com/InCerry/p/how_to_automic_create_dump_when_app_crash.html
C# 语法分析器（二）LR(0) 语法分析,https://www.cnblogs.com/cyjb/p/ParserLR_0.html
我的 React 最佳实践,https://www.cnblogs.com/dtux/p/16850113.html
CSS 动画一站式指南,https://www.cnblogs.com/zhangguicheng/p/16850060.html
我深刻反思了一下自己。,https://www.cnblogs.com/cxuanBlog/p/16850037.html
Unity坐标系入门,https://www.cnblogs.com/M-Anonymous/p/16849391.html
使用 StringUtils.split 的坑,https://www.cnblogs.com/niumoo/p/16849887.html
【lwip】08-ARP协议一图笔记及源码实现,https://www.cnblogs.com/lizhuming/p/16845687.html
SIP会话发起协议 - 先知道是什么（一）,https://www.cnblogs.com/l12138h/p/16849842.html
ElasticSearch之Windows中环境安装,https://www.cnblogs.com/qubernet/p/16849818.html
聊一聊对一个 C# 商业程序的反反调试,https://www.cnblogs.com/huangxincheng/p/16849808.html
.NET Conf 2022 11 月 8 日至 10 日 正式开启,https://www.cnblogs.com/shanyou/p/16849802.html
图数据挖掘(一)：网络的基本概念和表示方法,https://www.cnblogs.com/orion-orion/p/16849722.html
"前后端分离项目(十):实现""改""功能(前后端)",https://www.cnblogs.com/FatTiger4399/p/16846718.html
Azure DevOps Server 入门实践与安装部署,https://www.cnblogs.com/AllenMaster/p/16842466.html
javascript异步编程之generator(生成器函数)与asnyc/await语法糖,https://www.cnblogs.com/kspf/p/16849461.html
Linux--多线程（三）,https://www.cnblogs.com/yzsn12138/p/16849298.html
研发效能｜DevOps 已死平台工程永存带来的焦虑,https://www.cnblogs.com/laofo/p/16849292.html
优雅处理Golang中的异常,https://www.cnblogs.com/alalazy/p/16849272.html
SpringBoot 过滤器和拦截器,https://www.cnblogs.com/twilight0402/p/16849129.html
优雅的写好Vue项目代码 — 路由拆分、Vuex模块拆分、element按需加载,https://www.cnblogs.com/echoyya/p/16726543.html
谣言检测(RDCL)——《Towards Robust False Information Detection on Social Networks with Contrastive Learning》,https://www.cnblogs.com/BlairGrowing/p/16846443.html
纸牌博弈问题,https://www.cnblogs.com/greyzeng/p/16848911.html
R数据分析：扫盲贴，什么是多重插补,https://www.cnblogs.com/Codewar/p/16848894.html
Android开发 对接微信分享SDK总结,https://www.cnblogs.com/stars-one/p/16848763.html
Abp.Zero 手机号免密登录验证与号码绑定功能的实现（一）：验证码模块,https://www.cnblogs.com/jevonsflash/p/16848698.html
CentOS6/7 配置守护进程,https://www.cnblogs.com/chenyishi/p/16848621.html
Java Timer使用介绍,https://www.cnblogs.com/ladderx/p/16848561.html
MAUI 初体验 联合 WinForm  让家里废弃的手机当做电脑副品用起来,https://www.cnblogs.com/rtwo/p/16848374.html
买条新内存给台式机扩容，没想到出现玄学花屏,https://www.cnblogs.com/deali/p/16848285.html
一个实用的 vite + vue3 组件库脚手架工具，提升开发效率,https://www.cnblogs.com/youyacoder/p/16848246.html
.NET 零开销抽象指南,https://www.cnblogs.com/hez2010/p/dotnet-zero-abstraction.html
c++ 模板 指针类型偏特化,https://www.cnblogs.com/jlh-/p/16847819.html
面试心经,https://www.cnblogs.com/zxwbky/p/16845005.html
Java 编码那些事（二）,https://www.cnblogs.com/printStackTrace/p/16847740.html
聊一聊安全且正确使用缓存的那些事 —— 关于缓存可靠性、关乎数据一致性,https://www.cnblogs.com/softwarearch/p/16834547.html
二、.Net Core搭建Ocelot,https://www.cnblogs.com/yangleiyu/p/16847439.html
vulnhub靶场之NOOB: 1,https://www.cnblogs.com/upfine/p/16841899.html
【lwip】07-链路层收发以太网数据帧源码分析,https://www.cnblogs.com/lizhuming/p/16845412.html
测试开发工程师到底是做什么的？,https://www.cnblogs.com/111testing/p/16847206.html
MongoDB数据库新手入门,https://www.cnblogs.com/all-smile/p/16847123.html
升讯威在线客服系统客服端英文界面的技术实现方法，客户落地巴西圣保罗,https://www.cnblogs.com/sheng_chao/p/16847072.html
SpringBoot 常用注解的原理和使用,https://www.cnblogs.com/twilight0402/p/16846942.html
一台虚拟机，基于docker搭建大数据HDP集群,https://www.cnblogs.com/seven0007/p/hdpCluster.html
京东云开发者｜关于“React 和 Vue 该用哪个”我真的栓Q,https://www.cnblogs.com/Jcloud/p/16845146.html
探究Presto SQL引擎(4)-统计计数,https://www.cnblogs.com/vivotech/p/16835096.html
企业应用架构研究系列十二：网络模型与网络协议,https://www.cnblogs.com/luking/p/16005239.html
Kafka 架构和原理机制 (图文全面详解),https://www.cnblogs.com/mikechenshare/p/16846722.html
创建.NET程序Dump的几种姿势,https://www.cnblogs.com/InCerry/p/how-to-generate-a-dump-file-of-a-dotnet-application.html
如果再来一次，你还会选择互联网么？,https://www.cnblogs.com/aobing/p/16846659.html
JMETER与它的组件们,https://www.cnblogs.com/yetangjian/p/16818697.html
并发编程之 ThreadLocal,https://www.cnblogs.com/hyxiao97/p/16846595.html
在微信小程序上做一个「博客园年度总结」：解决前端获取接口数据太慢的一种思路,https://www.cnblogs.com/hanmk/p/16832147.html
聊一聊责任链模式,https://www.cnblogs.com/cicada-smile/p/16841111.html
「MySQL高级篇」MySQL之MVCC实现原理&&事务隔离级别的实现,https://www.cnblogs.com/melojun/p/mysql-mvcc.html
支持JDK19虚拟线程的web框架，之二：完整开发一个支持虚拟线程的quarkus应用,https://www.cnblogs.com/bolingcavalry/p/16846504.html
瑞吉外卖实战项目全攻略——总结篇,https://www.cnblogs.com/qiuluoyuweiliang/p/16846500.html
Java多线程（7）：JUC（上）,https://www.cnblogs.com/xiangwang1111/p/16846002.html
