热搜词,排名,链接
消费者称李佳琦直播间产品比官方贵,1,https://s.weibo.com/weibo?q=%23%E6%B6%88%E8%B4%B9%E8%80%85%E7%A7%B0%E6%9D%8E%E4%BD%B3%E7%90%A6%E7%9B%B4%E6%92%AD%E9%97%B4%E4%BA%A7%E5%93%81%E6%AF%94%E5%AE%98%E6%96%B9%E8%B4%B5%23&topic_ad=
广州新增本土感染者2377例,2,https://s.weibo.com/weibo?q=%23%E5%B9%BF%E5%B7%9E%E6%96%B0%E5%A2%9E%E6%9C%AC%E5%9C%9F%E6%84%9F%E6%9F%93%E8%80%852377%E4%BE%8B%23&topic_ad=
携手构建网络空间命运共同体白皮书发布会,3,https://s.weibo.com/weibo?q=%23%E6%90%BA%E6%89%8B%E6%9E%84%E5%BB%BA%E7%BD%91%E7%BB%9C%E7%A9%BA%E9%97%B4%E5%91%BD%E8%BF%90%E5%85%B1%E5%90%8C%E4%BD%93%E7%99%BD%E7%9A%AE%E4%B9%A6%E5%8F%91%E5%B8%83%E4%BC%9A%23&topic_ad=
37岁女子流产停胎26次后得女,4,https://s.weibo.com/weibo?q=%2337%E5%B2%81%E5%A5%B3%E5%AD%90%E6%B5%81%E4%BA%A7%E5%81%9C%E8%83%8E26%E6%AC%A1%E5%90%8E%E5%BE%97%E5%A5%B3%23&topic_ad=
北大食堂放了一架钢琴,5,https://s.weibo.com/weibo?q=%23%E5%8C%97%E5%A4%A7%E9%A3%9F%E5%A0%82%E6%94%BE%E4%BA%86%E4%B8%80%E6%9E%B6%E9%92%A2%E7%90%B4%23&topic_ad=
外卖员的真实收入有多少,6,https://s.weibo.com/weibo?q=%23%E5%A4%96%E5%8D%96%E5%91%98%E7%9A%84%E7%9C%9F%E5%AE%9E%E6%94%B6%E5%85%A5%E6%9C%89%E5%A4%9A%E5%B0%91%23&topic_ad=
曝老板为让员工离职将座椅换塑料凳,7,https://s.weibo.com/weibo?q=%23%E6%9B%9D%E8%80%81%E6%9D%BF%E4%B8%BA%E8%AE%A9%E5%91%98%E5%B7%A5%E7%A6%BB%E8%81%8C%E5%B0%86%E5%BA%A7%E6%A4%85%E6%8D%A2%E5%A1%91%E6%96%99%E5%87%B3%23&topic_ad=
小伙清理舌苔误吞18厘米长牙刷,8,https://s.weibo.com/weibo?q=%23%E5%B0%8F%E4%BC%99%E6%B8%85%E7%90%86%E8%88%8C%E8%8B%94%E8%AF%AF%E5%90%9E18%E5%8E%98%E7%B1%B3%E9%95%BF%E7%89%99%E5%88%B7%23&topic_ad=
成都疫情防控,9,https://s.weibo.com/weibo?q=%23%E6%88%90%E9%83%BD%E7%96%AB%E6%83%85%E9%98%B2%E6%8E%A7%23&topic_ad=
韩国踩踏事故6人被立案调查,10,https://s.weibo.com/weibo?q=%23%E9%9F%A9%E5%9B%BD%E8%B8%A9%E8%B8%8F%E4%BA%8B%E6%95%856%E4%BA%BA%E8%A2%AB%E7%AB%8B%E6%A1%88%E8%B0%83%E6%9F%A5%23&topic_ad=
内娱现存的男团,11,https://s.weibo.com/weibo?q=%23%E5%86%85%E5%A8%B1%E7%8E%B0%E5%AD%98%E7%9A%84%E7%94%B7%E5%9B%A2%23&topic_ad=
赛琳娜给新肾脏命名,12,https://s.weibo.com/weibo?q=%23%E8%B5%9B%E7%90%B3%E5%A8%9C%E7%BB%99%E6%96%B0%E8%82%BE%E8%84%8F%E5%91%BD%E5%90%8D%23&topic_ad=
司机下车上厕所被要求隔离七天,13,https://s.weibo.com/weibo?q=%23%E5%8F%B8%E6%9C%BA%E4%B8%8B%E8%BD%A6%E4%B8%8A%E5%8E%95%E6%89%80%E8%A2%AB%E8%A6%81%E6%B1%82%E9%9A%94%E7%A6%BB%E4%B8%83%E5%A4%A9%23&topic_ad=
蒋依依探班赵露思偷偷藏不住,14,https://s.weibo.com/weibo?q=%23%E8%92%8B%E4%BE%9D%E4%BE%9D%E6%8E%A2%E7%8F%AD%E8%B5%B5%E9%9C%B2%E6%80%9D%E5%81%B7%E5%81%B7%E8%97%8F%E4%B8%8D%E4%BD%8F%23&topic_ad=
赵丽颖呼吁大家多关注消防安全,15,https://s.weibo.com/weibo?q=%23%E8%B5%B5%E4%B8%BD%E9%A2%96%E5%91%BC%E5%90%81%E5%A4%A7%E5%AE%B6%E5%A4%9A%E5%85%B3%E6%B3%A8%E6%B6%88%E9%98%B2%E5%AE%89%E5%85%A8%23&topic_ad=
第一个总部设在中国的政府间国际组织,16,https://s.weibo.com/weibo?q=%23%E7%AC%AC%E4%B8%80%E4%B8%AA%E6%80%BB%E9%83%A8%E8%AE%BE%E5%9C%A8%E4%B8%AD%E5%9B%BD%E7%9A%84%E6%94%BF%E5%BA%9C%E9%97%B4%E5%9B%BD%E9%99%85%E7%BB%84%E7%BB%87%23&topic_ad=
限定团解散博,17,https://s.weibo.com/weibo?q=%23%E9%99%90%E5%AE%9A%E5%9B%A2%E8%A7%A3%E6%95%A3%E5%8D%9A%23&topic_ad=
霍华德加盟台湾联赛,18,https://s.weibo.com/weibo?q=%23%E9%9C%8D%E5%8D%8E%E5%BE%B7%E5%8A%A0%E7%9B%9F%E5%8F%B0%E6%B9%BE%E8%81%94%E8%B5%9B%23&topic_ad=
永远不要试探父母的爱,19,https://s.weibo.com/weibo?q=%23%E6%B0%B8%E8%BF%9C%E4%B8%8D%E8%A6%81%E8%AF%95%E6%8E%A2%E7%88%B6%E6%AF%8D%E7%9A%84%E7%88%B1%23&topic_ad=
嫌打篮球太吵老人从7楼扔饮料瓶,20,https://s.weibo.com/weibo?q=%23%E5%AB%8C%E6%89%93%E7%AF%AE%E7%90%83%E5%A4%AA%E5%90%B5%E8%80%81%E4%BA%BA%E4%BB%8E7%E6%A5%BC%E6%89%94%E9%A5%AE%E6%96%99%E7%93%B6%23&topic_ad=
朱韵好爱李峋,21,https://s.weibo.com/weibo?q=%23%E6%9C%B1%E9%9F%B5%E5%A5%BD%E7%88%B1%E6%9D%8E%E5%B3%8B%23&topic_ad=
鲸整口吞下一群鱼画面太震撼,22,https://s.weibo.com/weibo?q=%23%E9%B2%B8%E6%95%B4%E5%8F%A3%E5%90%9E%E4%B8%8B%E4%B8%80%E7%BE%A4%E9%B1%BC%E7%94%BB%E9%9D%A2%E5%A4%AA%E9%9C%87%E6%92%BC%23&topic_ad=
成都两名15岁学生被清华录取本硕博连读,23,https://s.weibo.com/weibo?q=%23%E6%88%90%E9%83%BD%E4%B8%A4%E5%90%8D15%E5%B2%81%E5%AD%A6%E7%94%9F%E8%A2%AB%E6%B8%85%E5%8D%8E%E5%BD%95%E5%8F%96%E6%9C%AC%E7%A1%95%E5%8D%9A%E8%BF%9E%E8%AF%BB%23&topic_ad=
陈都灵下车氛围感神图,24,https://s.weibo.com/weibo?q=%23%E9%99%88%E9%83%BD%E7%81%B5%E4%B8%8B%E8%BD%A6%E6%B0%9B%E5%9B%B4%E6%84%9F%E7%A5%9E%E5%9B%BE%23&topic_ad=
中国运20让外国军人惊叹,25,https://s.weibo.com/weibo?q=%23%E4%B8%AD%E5%9B%BD%E8%BF%9020%E8%AE%A9%E5%A4%96%E5%9B%BD%E5%86%9B%E4%BA%BA%E6%83%8A%E5%8F%B9%23&topic_ad=
00后程序员写代码硬核表白女友,26,https://s.weibo.com/weibo?q=%2300%E5%90%8E%E7%A8%8B%E5%BA%8F%E5%91%98%E5%86%99%E4%BB%A3%E7%A0%81%E7%A1%AC%E6%A0%B8%E8%A1%A8%E7%99%BD%E5%A5%B3%E5%8F%8B%23&topic_ad=
疯狂动物城衍生剧正式预告,27,https://s.weibo.com/weibo?q=%23%E7%96%AF%E7%8B%82%E5%8A%A8%E7%89%A9%E5%9F%8E%E8%A1%8D%E7%94%9F%E5%89%A7%E6%AD%A3%E5%BC%8F%E9%A2%84%E5%91%8A%23&topic_ad=
11月7日新增本土无症状6632例,28,https://s.weibo.com/weibo?q=%2311%E6%9C%887%E6%97%A5%E6%96%B0%E5%A2%9E%E6%9C%AC%E5%9C%9F%E6%97%A0%E7%97%87%E7%8A%B66632%E4%BE%8B%23&topic_ad=
北京昨新增1例社会面筛查人员,29,https://s.weibo.com/weibo?q=%23%E5%8C%97%E4%BA%AC%E6%98%A8%E6%96%B0%E5%A2%9E1%E4%BE%8B%E7%A4%BE%E4%BC%9A%E9%9D%A2%E7%AD%9B%E6%9F%A5%E4%BA%BA%E5%91%98%23&topic_ad=
特斯拉股价跌回一年半前,30,https://s.weibo.com/weibo?q=%23%E7%89%B9%E6%96%AF%E6%8B%89%E8%82%A1%E4%BB%B7%E8%B7%8C%E5%9B%9E%E4%B8%80%E5%B9%B4%E5%8D%8A%E5%89%8D%23&topic_ad=
IXFORM今天解散了,31,https://s.weibo.com/weibo?q=%23IXFORM%E4%BB%8A%E5%A4%A9%E8%A7%A3%E6%95%A3%E4%BA%86%23&topic_ad=
NCT新官方账号公开,32,https://s.weibo.com/weibo?q=%23NCT%E6%96%B0%E5%AE%98%E6%96%B9%E8%B4%A6%E5%8F%B7%E5%85%AC%E5%BC%80%23&topic_ad=
刘宇宁一念关山抢婚造型,33,https://s.weibo.com/weibo?q=%23%E5%88%98%E5%AE%87%E5%AE%81%E4%B8%80%E5%BF%B5%E5%85%B3%E5%B1%B1%E6%8A%A2%E5%A9%9A%E9%80%A0%E5%9E%8B%23&topic_ad=
俞敏洪称10年吃了3000片安眠药,34,https://s.weibo.com/weibo?q=%23%E4%BF%9E%E6%95%8F%E6%B4%AA%E7%A7%B010%E5%B9%B4%E5%90%83%E4%BA%863000%E7%89%87%E5%AE%89%E7%9C%A0%E8%8D%AF%23&topic_ad=
汤唯提名青龙影后,35,https://s.weibo.com/weibo?q=%23%E6%B1%A4%E5%94%AF%E6%8F%90%E5%90%8D%E9%9D%92%E9%BE%99%E5%BD%B1%E5%90%8E%23&topic_ad=
手机厂商集体大降价,36,https://s.weibo.com/weibo?q=%23%E6%89%8B%E6%9C%BA%E5%8E%82%E5%95%86%E9%9B%86%E4%BD%93%E5%A4%A7%E9%99%8D%E4%BB%B7%23&topic_ad=
史上最凶班主任经证实为网红,37,https://s.weibo.com/weibo?q=%23%E5%8F%B2%E4%B8%8A%E6%9C%80%E5%87%B6%E7%8F%AD%E4%B8%BB%E4%BB%BB%E7%BB%8F%E8%AF%81%E5%AE%9E%E4%B8%BA%E7%BD%91%E7%BA%A2%23&topic_ad=
95后女孩瘫痪20年自学捏粘土售卖,38,https://s.weibo.com/weibo?q=%2395%E5%90%8E%E5%A5%B3%E5%AD%A9%E7%98%AB%E7%97%AA20%E5%B9%B4%E8%87%AA%E5%AD%A6%E6%8D%8F%E7%B2%98%E5%9C%9F%E5%94%AE%E5%8D%96%23&topic_ad=
家中起火白狗熏成黑狗趴窗求救,39,https://s.weibo.com/weibo?q=%23%E5%AE%B6%E4%B8%AD%E8%B5%B7%E7%81%AB%E7%99%BD%E7%8B%97%E7%86%8F%E6%88%90%E9%BB%91%E7%8B%97%E8%B6%B4%E7%AA%97%E6%B1%82%E6%95%91%23&topic_ad=
新疆新增无症状感染者585例,40,https://s.weibo.com/weibo?q=%23%E6%96%B0%E7%96%86%E6%96%B0%E5%A2%9E%E6%97%A0%E7%97%87%E7%8A%B6%E6%84%9F%E6%9F%93%E8%80%85585%E4%BE%8B%23&topic_ad=
利刃出鞘2正式预告,41,https://s.weibo.com/weibo?q=%23%E5%88%A9%E5%88%83%E5%87%BA%E9%9E%982%E6%AD%A3%E5%BC%8F%E9%A2%84%E5%91%8A%23&topic_ad=
为什么很多人不愿意恋爱了,42,https://s.weibo.com/weibo?q=%23%E4%B8%BA%E4%BB%80%E4%B9%88%E5%BE%88%E5%A4%9A%E4%BA%BA%E4%B8%8D%E6%84%BF%E6%84%8F%E6%81%8B%E7%88%B1%E4%BA%86%23&topic_ad=
广东新增本土感染者2528例,43,https://s.weibo.com/weibo?q=%23%E5%B9%BF%E4%B8%9C%E6%96%B0%E5%A2%9E%E6%9C%AC%E5%9C%9F%E6%84%9F%E6%9F%93%E8%80%852528%E4%BE%8B%23&topic_ad=
北京朝阳新增多个高中风险区,44,https://s.weibo.com/weibo?q=%23%E5%8C%97%E4%BA%AC%E6%9C%9D%E9%98%B3%E6%96%B0%E5%A2%9E%E5%A4%9A%E4%B8%AA%E9%AB%98%E4%B8%AD%E9%A3%8E%E9%99%A9%E5%8C%BA%23&topic_ad=
山西定襄外卖员回应日送65单,45,https://s.weibo.com/weibo?q=%23%E5%B1%B1%E8%A5%BF%E5%AE%9A%E8%A5%84%E5%A4%96%E5%8D%96%E5%91%98%E5%9B%9E%E5%BA%94%E6%97%A5%E9%80%8165%E5%8D%95%23&topic_ad=
是记者更是记录者,46,https://s.weibo.com/weibo?q=%23%E6%98%AF%E8%AE%B0%E8%80%85%E6%9B%B4%E6%98%AF%E8%AE%B0%E5%BD%95%E8%80%85%23&topic_ad=
熊孩子喊饿趁妈妈睡觉点300多元外卖,47,https://s.weibo.com/weibo?q=%23%E7%86%8A%E5%AD%A9%E5%AD%90%E5%96%8A%E9%A5%BF%E8%B6%81%E5%A6%88%E5%A6%88%E7%9D%A1%E8%A7%89%E7%82%B9300%E5%A4%9A%E5%85%83%E5%A4%96%E5%8D%96%23&topic_ad=
柯南2023年剧场版预告,48,https://s.weibo.com/weibo?q=%23%E6%9F%AF%E5%8D%972023%E5%B9%B4%E5%89%A7%E5%9C%BA%E7%89%88%E9%A2%84%E5%91%8A%23&topic_ad=
央视曝光双十一新骗术,49,https://s.weibo.com/weibo?q=%23%E5%A4%AE%E8%A7%86%E6%9B%9D%E5%85%89%E5%8F%8C%E5%8D%81%E4%B8%80%E6%96%B0%E9%AA%97%E6%9C%AF%23&topic_ad=
被奔跑的边牧酷到了,50,https://s.weibo.com/weibo?q=%23%E8%A2%AB%E5%A5%94%E8%B7%91%E7%9A%84%E8%BE%B9%E7%89%A7%E9%85%B7%E5%88%B0%E4%BA%86%23&topic_ad=
