商品名称,商品图片,商品解读
高钙高蛋白，脆脆虾 20克,https://yanxuan-item.nosdn.127.net/ee0965b486874661667a9168ae0738fe.png,整虾可食，口口松脆
手撕肉条 100克,https://yanxuan-item.nosdn.127.net/9798b517d40ac143bd00aeeb5edcbf01.png,"丝丝入味，香酥耐嚼
"
嚼劲十足的牛肉粒 100克,https://yanxuan-item.nosdn.127.net/bc813c54dace8bd41df525d79541575b.png,肉中藏筋，柔嫩弹牙
弹到嘴里，炭火烤肠 150克,https://yanxuan-item.nosdn.127.net/1d6156f54128fa817d72c71da9d021ae.png,原肉制作，鲜嫩弹润
没加淀粉的良心肉，炭火烤肉 150克,https://yanxuan-item.nosdn.127.net/5d0a63ba0c04f9c552c7a9141b4ed835.png,碳烤风味，原肉鲜香
弹润入味有嚼劲，秘制手撕牛肉 200克,https://yanxuan-item.nosdn.127.net/c33aae9733dffba344600c2d0d147e13.png,精选黄牛后腿肉，肉质柔嫩
大块黄牛后腿肉，卤汁牛肉 原味 180克,https://yanxuan-item.nosdn.127.net/9d2aabb20a0100db8979a3211d743681.png,肉中带筋，口感劲道
整片原切后腿肉，猪肉脯 150克,https://yanxuan-item.nosdn.127.net/fa8afe8e531a90005d346cc0fbcdaea1.png,大块猪后腿原肉切片
青稞骨雪水魂，青稞酒 42度 500毫升,https://yanxuan-item.nosdn.127.net/9a9c9a50fac25efbde320113ba3b3e0e.png,高原青稞，绵甜柔顺
温酒话家常，特型黄酒 500毫升,https://yanxuan-item.nosdn.127.net/88b983859a739a568245ab3c27e1cfc0.png,绍兴出产，八年陈酿
酱香黔酒大师监制，茅台镇的酒 500毫升,https://yanxuan-item.nosdn.127.net/7881c5836726192e940ce6f9b0a595b5.png,品酒师甄选，匠心打磨
一冬一酿手工造，半甜型黄酒 720毫升,https://yanxuan-item.nosdn.127.net/7530badec37a895c019577c1c8c412c4.png,八年陈酿，匠心手工酿造
泸州浓香窖酒42度 750毫升,https://yanxuan-item.nosdn.127.net/8f203347f4d5a8d18327ac1a018555c4.png,泸州窖香，源于1856
延酱香酒精髓，茅台镇的酒珍藏12 500毫升,https://yanxuan-item.nosdn.127.net/9de5742d9409f13d43df890f8617c5a2.png,黔酒大师作品，匠心至诚打造
致敬小时光，老北京二锅头100毫升,https://yanxuan-item.nosdn.127.net/17f83904f9839ca9f75305e8aafb47ea.png,举杯共追忆，醇净好时光
桂香米浓，传承700年的桂花酿米酒 500毫升,https://yanxuan-item.nosdn.127.net/0e193252f1806b5f7caf8523e69035c1.png,香了七百年的“十月白”米酒
木桐正牌干红葡萄酒 750毫升 2016年,https://yanxuan-item.nosdn.127.net/823063a36f2f49ba5e92d6d1650b8fed.png,波尔多五大名庄木桐正牌
玛歌正牌干红 750毫升 2017年,https://yanxuan-item.nosdn.127.net/c9723778273a4235bda67bc02cf6c001.png,波尔多五大名庄玛歌正牌
法国年份雅文邑 700毫升,https://yanxuan-item.nosdn.127.net/dcba89401425c71e4045e31eaf6548f9.png,经典产区限量单一老年份
飞天53%vol 500ml贵州茅台酒（带杯）,https://yanxuan-item.nosdn.127.net/e1dabbad13cceb50e26735a8c06eedb6.png,茅台飘香，正品溯源
泸州老窖 特曲 浓香型白酒,https://yanxuan-item.nosdn.127.net/06df63e9ddab4dbf69647ffd82895e6e.png,非遗工艺制作，历经24代传承，至今690余年
德国莫泽尔传统版雷司令半干白 2020 750ml,https://yanxuan-item.nosdn.127.net/49a9f4efc6bdbdaaa29907b5fdc72d54.png,来自摩泽尔传奇名庄
奥斯卡晚宴用酒，法拉利起泡葡萄酒 750毫升,https://yanxuan-item.nosdn.127.net/6f18bd64827a70660143a68ec805ec1f.png,金奖品质，2015欧洲年度酒庄出产
西班牙膜拜酒，Pingus宾古斯酒庄干红,https://yanxuan-item.nosdn.127.net/6c64b690f244b83222ee75ca8e6ce27c.png,世界百大葡萄酒之一
青稞骨雪水魂，青稞酒 42度 500毫升,https://yanxuan-item.nosdn.127.net/9a9c9a50fac25efbde320113ba3b3e0e.png,高原青稞，绵甜柔顺
酱香黔酒大师监制，茅台镇的酒 500毫升,https://yanxuan-item.nosdn.127.net/7881c5836726192e940ce6f9b0a595b5.png,品酒师甄选，匠心打磨
泸州浓香窖酒42度 750毫升,https://yanxuan-item.nosdn.127.net/8f203347f4d5a8d18327ac1a018555c4.png,泸州窖香，源于1856
茅台王子酒 金王子 53度 500毫升,https://yanxuan-item.nosdn.127.net/6d48e6ea51a06b1356ccda21497fdb14.png,酱香突出，优雅细腻
延酱香酒精髓，茅台镇的酒珍藏12 500毫升,https://yanxuan-item.nosdn.127.net/9de5742d9409f13d43df890f8617c5a2.png,黔酒大师作品，匠心至诚打造
致敬小时光，老北京二锅头100毫升,https://yanxuan-item.nosdn.127.net/17f83904f9839ca9f75305e8aafb47ea.png,举杯共追忆，醇净好时光
飞天53%vol 500ml贵州茅台酒（带杯）,https://yanxuan-item.nosdn.127.net/e1dabbad13cceb50e26735a8c06eedb6.png,茅台飘香，正品溯源
茅台王子酒 酱香经典 53度 500毫升,https://yanxuan-item.nosdn.127.net/4fd9fe913636b35c98f4c92aa5ce0d25.png,匠心酿造，坚持传统酱香工艺
西班牙里奥哈名庄之作，丹魄干红 750毫升,https://yanxuan-item.nosdn.127.net/8b07a52bcc515171c1ad563270e148b7.jpg,产区名庄，国际高分
名庄金奖加身，西班牙珍藏干红 750毫升,https://yanxuan-item.nosdn.127.net/5e1c40b70d7b9b16e736bf3a2856afcf.png,产区名庄，囊获大奖
经典品种交响曲，智利混酿干白 750毫升,https://yanxuan-item.nosdn.127.net/503552f16998989469715516414edeb3.png,智利名庄，香气迷人
智利老牌名庄，梅洛干红 750毫升,https://yanxuan-item.nosdn.127.net/eb818eb0f9f3dddf757b749df6240ba6.png,智利名庄伊拉苏，经典品种甜美柔顺
列级名庄出品，法国普罗旺斯桃红 750毫升,https://yanxuan-item.nosdn.127.net/43dc4bd63f9d28107385987a1109dd45.png,普罗旺斯列级酒庄，优雅精致
百年名庄出品，法国南部干红 750毫升,https://yanxuan-item.nosdn.127.net/8deaef45a91b902916dff4b6b85471a8.png,法国原产，原瓶进口
多米尼加 陈年朗姆酒 700毫升,https://yanxuan-item.nosdn.127.net/ea385dd02c68bab136f3878add19fd7b.png,陈年朗姆，香味芬芳
木桐正牌干红葡萄酒 750毫升 2016年,https://yanxuan-item.nosdn.127.net/823063a36f2f49ba5e92d6d1650b8fed.png,波尔多五大名庄木桐正牌
温酒话家常，特型黄酒 500毫升,https://yanxuan-item.nosdn.127.net/88b983859a739a568245ab3c27e1cfc0.png,绍兴出产，八年陈酿
一冬一酿手工造，半甜型黄酒 720毫升,https://yanxuan-item.nosdn.127.net/7530badec37a895c019577c1c8c412c4.png,八年陈酿，匠心手工酿造
鲜梅入酒365天熟成，日本手工梅酒 720mL ,https://yanxuan-item.nosdn.127.net/0ffb5fae73577772e3c81e0b3f6c1982.png,100%日本完熟南高梅，酸甜馥郁
荔香满溢，微醺荔枝酒 500毫升,https://yanxuan-item.nosdn.127.net/600e25b306a8d9804ee508b4a6737aa4.png,清甜微酸，荔香馥郁
【囤货装】半甜型黄酒 6瓶*2箱,https://yanxuan-item.nosdn.127.net/da6db8028d0007a33868a0e167ec6d33.png,八年陈酿，匠心手工酿造
【定金购】特型黄酒 6瓶*2箱,https://yanxuan-item.nosdn.127.net/28bb8fa35e364ba1abce848dd6eb1a97.png,绍兴出产，八年陈酿
清新酒香，茉莉白桃米酒 520毫升,https://yanxuan-item.nosdn.127.net/b018ab9df22da31d0126f2c293159ec8.png,桃香与茉莉奏鸣，小酌微醺
鲜果澎湃，“酒”爱微醺低度酒组合,https://yanxuan-item.nosdn.127.net/e22018d2a5f863e8112a1a783a7ba8ee.png,果香馥郁，小酌微醺
西班牙里奥哈名庄之作，丹魄干红 750毫升,https://yanxuan-item.nosdn.127.net/8b07a52bcc515171c1ad563270e148b7.jpg,产区名庄，国际高分
名庄金奖加身，西班牙珍藏干红 750毫升,https://yanxuan-item.nosdn.127.net/5e1c40b70d7b9b16e736bf3a2856afcf.png,产区名庄，囊获大奖
经典品种交响曲，智利混酿干白 750毫升,https://yanxuan-item.nosdn.127.net/503552f16998989469715516414edeb3.png,智利名庄，香气迷人
智利老牌名庄，梅洛干红 750毫升,https://yanxuan-item.nosdn.127.net/eb818eb0f9f3dddf757b749df6240ba6.png,智利名庄伊拉苏，经典品种甜美柔顺
列级名庄出品，法国普罗旺斯桃红 750毫升,https://yanxuan-item.nosdn.127.net/43dc4bd63f9d28107385987a1109dd45.png,普罗旺斯列级酒庄，优雅精致
百年名庄出品，法国南部干红 750毫升,https://yanxuan-item.nosdn.127.net/8deaef45a91b902916dff4b6b85471a8.png,法国原产，原瓶进口
多米尼加 陈年朗姆酒 700毫升,https://yanxuan-item.nosdn.127.net/ea385dd02c68bab136f3878add19fd7b.png,陈年朗姆，香味芬芳
苏格兰陈年单一麦芽威士忌 700毫升,https://yanxuan-item.nosdn.127.net/8a47e73ddc3eed25ef4e36ae9819d3c9.png,蒸馏大师监制
当地麦芽，德国歌德小麦啤酒 500ml*24,https://yanxuan-item.nosdn.127.net/b22322e3efb5e6828ff9991436461f4d.jpg,入口顺滑，口味醇厚
麦香醇厚，德国狩猎神啤酒568ml*24,https://yanxuan-item.nosdn.127.net/dd398537d7d64b78b817fbf1a6156d2f.png,原装进口 麦香醇厚
清新麦香，德国卡布奇纳精酿啤酒,https://yanxuan-item.nosdn.127.net/90d78593397fed8c99e0a07233de364d.jpg,深受德国人喜欢的啤酒
德国原装进口冰顶白啤酒/黑啤酒500ml*24听,https://yanxuan-item.nosdn.127.net/fb27c3e8005f71caf3553c0d94d9b118.jpg,主要以大麦麦芽为主要原料酿制而成，白啤富有浓郁麦芽香味，让人唇齿留香，黑啤采用烘焙过的麦芽，焦香浓郁
德国原装进口桶装卡布奇纳小麦啤酒5L装,https://yanxuan-item.nosdn.127.net/88ab69a88da78c956e3b0996514518bb.png,桶装啤酒更酣畅
只选当日鲜奶发酵，酸奶 200克×24盒,https://yanxuan-item.nosdn.127.net/f785f38a9529e6c79f44669c6349ffa9.png,受疫情影响，部分仓库发出批次为5月28号及7月18号，介意慎拍。浓醇顺滑，安心健康
新装上市，专属牧场纯牛奶 250毫升*24盒 ,https://yanxuan-item.nosdn.127.net/c883c17cd61748359fa7bf9174727bbe.png,原奶指标远优于欧盟标准
无防腐剂，色香味俱全核桃乳 240毫升*16罐,https://yanxuan-item.nosdn.127.net/03e85e1031ec0acc9ccc240078b3b12c.png,精细研磨，滴滴香浓
【囤货装】专属牧场纯牛奶 24盒*2箱,https://yanxuan-item.nosdn.127.net/a75dc60371cdeea92c76ad66e97ea38a.png,来自黄金产奶带，实惠健康牛奶囤货装
减脂60%，低脂纯牛奶 250ml×24盒,https://yanxuan-item.nosdn.127.net/5954bbc8854ea137bc157154dec7e3da.png,运动健身佳选，营养补蛋白
营养更鲜活 新西兰纽仕兰全脂鲜奶粉1kg,https://yanxuan-item.nosdn.127.net/ee3ac73b474c1ca6493b838400b3e986.jpg,能冲出奶皮，冷水可冲开
低脂纯牛奶 24盒*2箱,https://yanxuan-item.nosdn.127.net/35ac8d687a9b6a155d4482acc5916e6c.png,甄选好奶，滴滴浓醇
全家营养早餐 澳大利亚天然牧场纯牛奶1L*6,https://yanxuan-item.nosdn.127.net/a010c5e809c3f29585a269680d153f9b.png,一瓶一码，产源可追溯
茅台王子酒 金王子 53度 500毫升,https://yanxuan-item.nosdn.127.net/6d48e6ea51a06b1356ccda21497fdb14.png,酱香突出，优雅细腻
飞天53%vol 500ml贵州茅台酒（带杯）,https://yanxuan-item.nosdn.127.net/e1dabbad13cceb50e26735a8c06eedb6.png,茅台飘香，正品溯源
茅台王子酒 酱香经典 53度 500毫升,https://yanxuan-item.nosdn.127.net/4fd9fe913636b35c98f4c92aa5ce0d25.png,匠心酿造，坚持传统酱香工艺
汉酱酒 51度 500毫升,https://yanxuan-item.nosdn.127.net/d5aa99abd61ddaa0a8c29503a51383a1.png,盛世汉酱，酿造美酒之醇
贵州大曲酒・80年代2.0 53度 500毫升,https://yanxuan-item.nosdn.127.net/1595284a95f27b0e064b8de767e10bd5.png,传承白酒文化，华贵厚重
茅源酒 酱香型白酒礼盒装 53度 100毫升*5瓶,https://yanxuan-item.nosdn.127.net/190adff683f152ecc2407db49f8aae19.png,酱香幽雅，柔顺醇厚
茅台悠蜜蓝莓酒550ml,https://yanxuan-item.nosdn.127.net/7b054f1645100dc46a14c979d48c3409.png,红宝石色泽中曼妙着光晕，口感浓郁醇厚。
酱香典雅 茅台贵州大曲2.5L,https://yanxuan-item.nosdn.127.net/8d42b631596300189b8c2d8a7b813366.png,醇和协调 回味悠长
阿拉比卡豆，充氮保鲜，意式挂耳咖啡 10袋,https://yanxuan-item.nosdn.127.net/1c4c3c8b2fabc3179616b4ee9de578db.jpg,充氮保鲜，挂耳鲜咖啡
口味换新，10口味精品挂耳咖啡 20袋,https://yanxuan-item.nosdn.127.net/3b1b644a65e4c4ba7493ae26c667efde.png,单品豆，尽享七国10种风味
埃塞耶加雪啡 浅烘精品挂耳咖啡 10袋,https://yanxuan-item.nosdn.127.net/740baebf122ac85c0f6716c5c802b8f6.png,人工选豆，G1 日晒，杯测评分85.5
三顿半，冷热萃超即溶精品咖啡 24颗,https://yanxuan-item.nosdn.127.net/278929efdcac5c87bb045eb52acf3d0e.png,全新5.0升级版上线，新豆新风味。
德国优质冻干速溶黑咖啡 50克,https://yanxuan-item.nosdn.127.net/205c83d4190726fa52710a93e518d2c3.jpg,速溶咖啡中的精品
印尼林东曼特宁 深烘精品挂耳咖啡 10袋,https://yanxuan-item.nosdn.127.net/24a5d479e20680fc9f604c7b8eef18cd.png,G1湿刨，低酸回甘，浓厚香醇
马来西亚蓝山风味白咖啡 40*16g*1,https://yanxuan-item.nosdn.127.net/81b813c74e8791f0ca9b8d9ac607c764.jpg,蓝山风味三合一，香醇无酸
阿拉比卡豆，美意双拼挂耳鲜咖啡 24袋 ,https://yanxuan-item.nosdn.127.net/8d72b941d1667ba7c5c9ccb73d6444fa.png,进度条可视，美意各12袋
绿茶蛋黄酥 50克*4枚,https://yanxuan-item.nosdn.127.net/31dc132af3b241230044c2d6e8ed6bc2.png,油润蛋黄，千层酥皮
红与黑，绿与紫，4色星云酥 50克*4枚,https://yanxuan-item.nosdn.127.net/61e5e63ebb5382036abb35de8a0a7c07.png,梦幻千层酥皮，一盒4味
台式老厝凤梨酥 30克*12枚,https://yanxuan-item.nosdn.127.net/88c1245bcd1a4fec1ec39cf8791b4e3b.png,土凤梨馅，酸甜可口
雪麸蛋糕,https://yanxuan-item.nosdn.127.net/956653d78939189af0dd9f78f1a13533.png,松软蛋糕，浓醇奶香
徽派咸味，黄山烧饼 21克*8枚,https://yanxuan-item.nosdn.127.net/813191a11c4d570baba37b4d297e0aa2.png,徽州小吃，两种口味
三味柔风黄油曲奇 礼袋黄装 510克,https://yanxuan-item.nosdn.127.net/defe9f4123e5363b629030edf74f9e42.png,网红礼罐，三色曲奇
奶油鸡蛋卷 150克（5袋）,https://yanxuan-item.nosdn.127.net/33dde8d152e73340f19d0364b4215210.png,香浓蛋味 入口即化
杏仁松塔 160克（4袋）,https://yanxuan-item.nosdn.127.net/1b45da2e4fafa4cdfaa2a2b1a9088f17.png,千层酥皮，醇香酥脆
胎菊 50克,https://yanxuan-item.nosdn.127.net/eb764685639ba43006038f885b655c89.png,桐乡胎菊，上品花茶
7月龄小青柑，玲珑柑普茶 130克,https://yanxuan-item.nosdn.127.net/43a4a43b5233898f941f3a92299d0879.png,冬日阳气闭藏，易饮红、黑、白茶，甘润生津
养生袋泡，黑苦荞胚芽茶 6克*21袋,https://yanxuan-item.nosdn.127.net/23dcd96b01e30a82162ce7a037bdd1b6.png,全胚芽态，麦香醇厚
移动袋泡茶，桂花乌龙茶 3克*10袋,https://yanxuan-item.nosdn.127.net/28da575680fff1dd2285ae8c97b1f0c7.png,丹桂飘香，茶香醇厚
一口就沦陷的初恋味道，蜜桃乌龙茶 15袋,https://yanxuan-item.nosdn.127.net/b8b90e340b2495a76036ec3c13818cb8.png,创新乌龙茶饮，更“桃”气
温调慢养，金丝皇菊 0.6克*20朵,https://yanxuan-item.nosdn.127.net/fbb361e65d6738056de8dfc78f67bc68.png,仅选用当年当季新花，一级上品
2022新茶现货，明前特级西湖龙井茶 80克,https://yanxuan-item.nosdn.127.net/a05eef2d37dc6bdb40c6a9e50b5586d6.jpg,"西湖龙井非遗大师“卢江梅“监制，尝2022开春头一杯鲜。
敦煌博物馆联名，梦回丝路。"
2022新茶现货，明前特级安吉竹韵白茶 50克,https://yanxuan-item.nosdn.127.net/2ac6dcb1800a92ae04dfb2d594707194.jpg,中国“白茶之乡”安吉溪龙，明前一杯鲜。敦煌博物馆联名，梦回丝路。
酸梅汤 350毫升*9瓶,https://yanxuan-item.nosdn.127.net/74adab950fec13739f0487ec4afbde89.png,酸甜适口，还原儿时好味道
100%原装进口，鲜活椰子水 330毫升*12瓶,https://yanxuan-item.nosdn.127.net/d9052aa04d6866c839ccf49e994b9c4f.png,非浓缩还原，零脂轻负担
只选当日鲜奶发酵，酸奶 200克×24盒,https://yanxuan-item.nosdn.127.net/f785f38a9529e6c79f44669c6349ffa9.png,受疫情影响，部分仓库发出批次为5月28号及7月18号，介意慎拍。浓醇顺滑，安心健康
新装上市，专属牧场纯牛奶 250毫升*24盒 ,https://yanxuan-item.nosdn.127.net/c883c17cd61748359fa7bf9174727bbe.png,原奶指标远优于欧盟标准
无防腐剂，色香味俱全核桃乳 240毫升*16罐,https://yanxuan-item.nosdn.127.net/03e85e1031ec0acc9ccc240078b3b12c.png,精细研磨，滴滴香浓
100年渗透，麦饭石天然矿泉水 330毫升*24瓶,https://yanxuan-item.nosdn.127.net/2d65d331195f92c812d8ab8445006044.png,麦饭石深层裂隙水，滴滴珍贵
【囤货装】专属牧场纯牛奶 24盒*2箱,https://yanxuan-item.nosdn.127.net/a75dc60371cdeea92c76ad66e97ea38a.png,来自黄金产奶带，实惠健康牛奶囤货装
减脂60%，低脂纯牛奶 250ml×24盒,https://yanxuan-item.nosdn.127.net/5954bbc8854ea137bc157154dec7e3da.png,运动健身佳选，营养补蛋白
封存鲜果的艺术品，0脂鲜果冻 30克*10颗,https://yanxuan-item.nosdn.127.net/eea21c4736e9d4d83756c46307bbdf3e.png,果冻里含真果粒
高蛋白0碳水，低脂鸡胸肉 180克,https://yanxuan-item.nosdn.127.net/72b0d93cb065275f495a60947ca1eef1.png,健身代餐，低脂高蛋白
无添加蔗糖，苏打饼干 360克 奶盐味 3袋,https://yanxuan-item.nosdn.127.net/a80cc8f97862e4a0396b050d7adf8289.png,无添加蔗糖，层层酥脆
低脂鸡肉丸 180克,https://yanxuan-item.nosdn.127.net/f7cdd2f6431098476647026877ce773a.png,低脂高蛋白，代餐新伴侣
减脂60%，低脂纯牛奶 250ml×24盒,https://yanxuan-item.nosdn.127.net/5954bbc8854ea137bc157154dec7e3da.png,运动健身佳选，营养补蛋白
热量仅150kcal，轻食魔芋粉 酸辣 258克*6杯,https://yanxuan-item.nosdn.127.net/d2b5ec92d671d988f26dd17fe3c762a1.png,魔芋粉丝0脂肪，轻松助你体重管理
一点就出彩，零蔗糖零脂油醋汁 190毫升,https://yanxuan-item.nosdn.127.net/d2b30d46c728e79c86c1df0b3afefb3b.png,味感更丰富，菜品更有味
控卡饱腹，奇亚籽藜麦代餐粥 35克*10袋,https://yanxuan-item.nosdn.127.net/314f88459b5bbb721900f4cdb78d2e2a.png,控卡新代餐，饱腹又抗饿
江南特产，西湖藕粉 原味 20克*15袋,https://yanxuan-item.nosdn.127.net/72ffe0a001452f25993d049ea01eb55d.png,传统研磨，四味清香
紫椴雪蜜 420克,https://yanxuan-item.nosdn.127.net/81abab8c2bbeafa599ded3809d712c63.png,洁白如雪，质润如膏
葛根粉 30克*12袋,https://yanxuan-item.nosdn.127.net/8bfaf79ba4d4555ced59c69b71feedd9.png,细腻温润，甜糯醇柔
身体更轻盈，红豆薏仁粉 25克*12袋,https://yanxuan-item.nosdn.127.net/fda99b89f0855228102381f33f6507e9.png,药食同源，安心代餐
酸奶草莓奇亚籽谷物燕麦片 600克,https://yanxuan-item.nosdn.127.net/d6aa61348dc4e6a2969df87e720efd97.png,5%网红奇亚籽，“麦”趣代餐
魔芋代餐粥 40克*10袋,https://yanxuan-item.nosdn.127.net/43158326cf9e2c0377a90b3e119106bd.png,浓醇香滑，代餐佳选
无添加蔗糖，澳洲进口即食燕麦片 1千克,https://yanxuan-item.nosdn.127.net/a2c71ceb7f448762bf2769282d19d698.png,澳洲进口燕麦，免煮即食
每日坚果亚麻籽谷物燕麦片 600克,https://yanxuan-item.nosdn.127.net/10a2ee5f54ae6634e047bc5584a4d15e.png,燕麦遇见坚果，越吃越香停不了
大丈夫方便面 轻巧款 私房牛肉味 64克*6杯,https://yanxuan-item.nosdn.127.net/5d414a5ace910413526bc6be9db625af.png,非油炸，好吃不上火
北海道风味大虾面 61克*6杯,https://yanxuan-item.nosdn.127.net/bf0e3828192ce869385ec408ba6fe5c5.jpg,看得见的大只虾仁，吃得到的日式风味
现泡免煮，螺蛳粉 370克*6盒,https://yanxuan-item.nosdn.127.net/d64822f7a93b3f6a60e5b98c65da72e1.jpg,柳州味道，酸爽香臭
桂林米粉传统干拌270克/袋,https://yanxuan-item.nosdn.127.net/dd56badf9f0e46b95592379e674b1d68.png,桂林传统地道风味小吃
冻干藤椒牛肉面 70克*12盒,https://yanxuan-item.nosdn.127.net/d2df6020283336ab2360b2732b2c9522.jpg,椒麻爽辣，面弹肉香，地道川味
冻干藤椒豚骨面 74克*12盒,https://yanxuan-item.nosdn.127.net/5222c8e97009f4ab1cfe6fbaea2efbfd.jpg,日式风味，汤浓肉鲜，椒麻过瘾
肉香满满，火腿猪肉罐头 198克*24罐/箱,https://yanxuan-item.nosdn.127.net/8edb777abc8f2b4e26743e58a8610029.png,≥90%含肉量，肉粒鲜嫩可见
一冲即食的暖心粥，皮蛋瘦肉粥 37克*6杯,https://yanxuan-item.nosdn.127.net/f52dc1082f8d96033d069aaa94932314.png,FD冻干工艺，5分钟即食
酸梅汤 350毫升*9瓶,https://yanxuan-item.nosdn.127.net/74adab950fec13739f0487ec4afbde89.png,酸甜适口，还原儿时好味道
100%原装进口，鲜活椰子水 330毫升*12瓶,https://yanxuan-item.nosdn.127.net/d9052aa04d6866c839ccf49e994b9c4f.png,非浓缩还原，零脂轻负担
100年渗透，麦饭石天然矿泉水 330毫升*24瓶,https://yanxuan-item.nosdn.127.net/2d65d331195f92c812d8ab8445006044.png,麦饭石深层裂隙水，滴滴珍贵
为【我们的新时代】 干杯！西藏冰川水 24瓶,https://yanxuan-item.nosdn.127.net/67f70886db14225ddc7618a183640f70.jpg,7100米高地的天赐纯净，弱碱性冰川水
鲜果冷榨，杨梅汁饮料 280毫升*6瓶,https://yanxuan-item.nosdn.127.net/28a006d0a1218ba3660aa19252d75a4d.png,饮汤如食梅，冰沙的口感
0糖0脂，白桃/菠萝气泡啵啵水,https://yanxuan-item.nosdn.127.net/2e3861a06a8a071ebec42ecb5bd5ae2e.jpg,新口味上市，不“肥”宅快乐水，好喝到冒泡
无忧畅饮0酒精 澳大利亚气泡葡萄汁750毫升,https://yanxuan-item.nosdn.127.net/e7b902c2d2857857c7e5e6cb88b8b691.png,果味馥郁，0%酒精，驾驶无忧
欢腾气泡激荡果香 法国零酒精起泡酒750mL,https://yanxuan-item.nosdn.127.net/f8879f1f0b9c04b7abedd706a6b8e4aa.jpg,不含酒精，老少皆宜，驾驶无忧
绿茶蛋黄酥 50克*4枚,https://yanxuan-item.nosdn.127.net/31dc132af3b241230044c2d6e8ed6bc2.png,油润蛋黄，千层酥皮
红与黑，绿与紫，4色星云酥 50克*4枚,https://yanxuan-item.nosdn.127.net/61e5e63ebb5382036abb35de8a0a7c07.png,梦幻千层酥皮，一盒4味
台式老厝凤梨酥 30克*12枚,https://yanxuan-item.nosdn.127.net/88c1245bcd1a4fec1ec39cf8791b4e3b.png,土凤梨馅，酸甜可口
雪麸蛋糕,https://yanxuan-item.nosdn.127.net/956653d78939189af0dd9f78f1a13533.png,松软蛋糕，浓醇奶香
徽派咸味，黄山烧饼 21克*8枚,https://yanxuan-item.nosdn.127.net/813191a11c4d570baba37b4d297e0aa2.png,徽州小吃，两种口味
三味柔风黄油曲奇 礼袋黄装 510克,https://yanxuan-item.nosdn.127.net/defe9f4123e5363b629030edf74f9e42.png,网红礼罐，三色曲奇
奶油鸡蛋卷 150克（5袋）,https://yanxuan-item.nosdn.127.net/33dde8d152e73340f19d0364b4215210.png,香浓蛋味 入口即化
杏仁松塔 160克（4袋）,https://yanxuan-item.nosdn.127.net/1b45da2e4fafa4cdfaa2a2b1a9088f17.png,千层酥皮，醇香酥脆
高钙高蛋白，脆脆虾 20克,https://yanxuan-item.nosdn.127.net/ee0965b486874661667a9168ae0738fe.png,整虾可食，口口松脆
3千年种植历史产区，甜糯板栗仁 50克*4袋,https://yanxuan-item.nosdn.127.net/554ba162fa8712d6d70a5275ea646081.png,铁矿石上的甜糯板栗
蜂蜜山楂条 135克,https://yanxuan-item.nosdn.127.net/a962ca6779705b9cde6cae10dcaa4b96.png,酸甜软糯，松脆不粘牙
一口咬到阳光的味道，大片芒果干,https://yanxuan-item.nosdn.127.net/6c4273b3a02e49e0e775d8d99a832d35.png,厚实绵韧，吃到真芒香
宛如鲜炖，冻干银耳汤 15克*10袋,https://yanxuan-item.nosdn.127.net/92251d9c7717b121e7ec4a9dfafe46ed.png,60秒速泡，立享银耳原味
7月龄小青柑，玲珑柑普茶 130克,https://yanxuan-item.nosdn.127.net/43a4a43b5233898f941f3a92299d0879.png,冬日阳气闭藏，易饮红、黑、白茶，甘润生津
青梅饼 56克,https://yanxuan-item.nosdn.127.net/eef3ba6036be734980ce488c19c0b5ee.png,8分梅果，传统腌制
弹到嘴里，炭火烤肠 150克,https://yanxuan-item.nosdn.127.net/1d6156f54128fa817d72c71da9d021ae.png,原肉制作，鲜嫩弹润
完整蝴蝶形，新疆原香大核桃仁 110克,https://yanxuan-item.nosdn.127.net/af7515cc747a2257275e05765cba7552.png,现剥桃仁，酥脆醇香
咸香酥脆，乳山淮盐调味花生 200克,https://yanxuan-item.nosdn.127.net/69f61d6c0f3135c933c485ea45a4aad6.png,乳山花生，淮盐调味
佐酒鲜香麻辣花生 110克,https://yanxuan-item.nosdn.127.net/8a80197cd7368f326e51eac1e7aba720.png,乳山花生，麻辣爽脆
试吃员推荐，原味葵花籽 185克,https://yanxuan-item.nosdn.127.net/24cd31c12a3d962a1ffb83292c3ce75f.png,粒大壳薄，原香酥脆
蚕豆瓣 60克*3袋 蟹黄味,https://yanxuan-item.nosdn.127.net/214c461f6c8141fc516d018b82efe8ef.png,云南蚕豆，肉酥饱满
酥脆瓜子仁 蟹黄味 60克*3袋,https://yanxuan-item.nosdn.127.net/2ad39c46514788cecbf808ebd77558e4.png,内蒙古葵花籽，饱满酥脆
松香满溢，东北开口松子 150克,https://yanxuan-item.nosdn.127.net/ca123e1f1fac9af57df06a14d91e6417.png,醇正松香，壳薄肉厚
洁白象牙果仁，薄壳巴基斯坦松子 130克 ,https://yanxuan-item.nosdn.127.net/ba308b3ab4f3ca0f86a070aa50f56e1b.png,壳薄如纸，肉如象牙
完整蝴蝶形，新疆原香大核桃仁 110克,https://yanxuan-item.nosdn.127.net/af7515cc747a2257275e05765cba7552.png,现剥桃仁，酥脆醇香
咸香酥脆，乳山淮盐调味花生 200克,https://yanxuan-item.nosdn.127.net/69f61d6c0f3135c933c485ea45a4aad6.png,乳山花生，淮盐调味
佐酒鲜香麻辣花生 110克,https://yanxuan-item.nosdn.127.net/8a80197cd7368f326e51eac1e7aba720.png,乳山花生，麻辣爽脆
试吃员推荐，原味葵花籽 185克,https://yanxuan-item.nosdn.127.net/24cd31c12a3d962a1ffb83292c3ce75f.png,粒大壳薄，原香酥脆
蚕豆瓣 60克*3袋 蟹黄味,https://yanxuan-item.nosdn.127.net/214c461f6c8141fc516d018b82efe8ef.png,云南蚕豆，肉酥饱满
酥脆瓜子仁 蟹黄味 60克*3袋,https://yanxuan-item.nosdn.127.net/2ad39c46514788cecbf808ebd77558e4.png,内蒙古葵花籽，饱满酥脆
松香满溢，东北开口松子 150克,https://yanxuan-item.nosdn.127.net/ca123e1f1fac9af57df06a14d91e6417.png,醇正松香，壳薄肉厚
洁白象牙果仁，薄壳巴基斯坦松子 130克 ,https://yanxuan-item.nosdn.127.net/ba308b3ab4f3ca0f86a070aa50f56e1b.png,壳薄如纸，肉如象牙
大丈夫方便面 轻巧款 私房牛肉味 64克*6杯,https://yanxuan-item.nosdn.127.net/5d414a5ace910413526bc6be9db625af.png,非油炸，好吃不上火
北海道风味大虾面 61克*6杯,https://yanxuan-item.nosdn.127.net/bf0e3828192ce869385ec408ba6fe5c5.jpg,看得见的大只虾仁，吃得到的日式风味
现泡免煮，螺蛳粉 370克*6盒,https://yanxuan-item.nosdn.127.net/d64822f7a93b3f6a60e5b98c65da72e1.jpg,柳州味道，酸爽香臭
冻干藤椒牛肉面 70克*12盒,https://yanxuan-item.nosdn.127.net/d2df6020283336ab2360b2732b2c9522.jpg,椒麻爽辣，面弹肉香，地道川味
冻干藤椒豚骨面 74克*12盒,https://yanxuan-item.nosdn.127.net/5222c8e97009f4ab1cfe6fbaea2efbfd.jpg,日式风味，汤浓肉鲜，椒麻过瘾
花甲米线 128克*6杯,https://yanxuan-item.nosdn.127.net/2e726a6f636cd99466ec7745ce7f66d8.png,醇香辣爽，戳中味蕾命门
非油炸宽宽宽面皮，红油面皮 128克*6杯,https://yanxuan-item.nosdn.127.net/01ca2e940c299c253ffd9e916f2318c4.jpg,川渝风味当家货，香麻辣爽
三味演义冻干方便面 12盒,https://yanxuan-item.nosdn.127.net/2bce627914eb543b33894e7118b6918e.jpg,爆款冻干面组合，三味纷呈
综合果蔬脆片 100克,https://yanxuan-item.nosdn.127.net/f71534f1825c91e87e321b6c1d578117.png,果蔬荟萃，原香原色
未开伞的厚肉肉，小香菇脆 100克,https://yanxuan-item.nosdn.127.net/086294f270da1993b26fa870eb77aa8c.png,整朵香菇，酥脆可口
≥16mm蓝莓大果制作，蓝莓果干,https://yanxuan-item.nosdn.127.net/b2aac81d1116fb3e4d2a747896064bdd.png,苹果汁浸泡，无蔗糖添加
一口咬到阳光的味道，大片芒果干,https://yanxuan-item.nosdn.127.net/6c4273b3a02e49e0e775d8d99a832d35.png,厚实绵韧，吃到真芒香
综合水果脆片 100克,https://yanxuan-item.nosdn.127.net/9562078c56dbc42fe8f657e380043d29.png,缤纷五色，水果盛宴
综合菇菜脆片 100克,https://yanxuan-item.nosdn.127.net/da9b2ff1848c767558a38d0bb4b6ac6e.png,有菇有菜，营养之道
青梅饼 56克,https://yanxuan-item.nosdn.127.net/eef3ba6036be734980ce488c19c0b5ee.png,8分梅果，传统腌制
爽口梅片 56克,https://yanxuan-item.nosdn.127.net/342bb55813432e31baaee31715e151de.png,胭脂梅片，盐雪糖霜
高钙高蛋白，脆脆虾 20克,https://yanxuan-item.nosdn.127.net/ee0965b486874661667a9168ae0738fe.png,整虾可食，口口松脆
手撕肉条 100克,https://yanxuan-item.nosdn.127.net/9798b517d40ac143bd00aeeb5edcbf01.png,"丝丝入味，香酥耐嚼
"
嚼劲十足的牛肉粒 100克,https://yanxuan-item.nosdn.127.net/bc813c54dace8bd41df525d79541575b.png,肉中藏筋，柔嫩弹牙
弹到嘴里，炭火烤肠 150克,https://yanxuan-item.nosdn.127.net/1d6156f54128fa817d72c71da9d021ae.png,原肉制作，鲜嫩弹润
没加淀粉的良心肉，炭火烤肉 150克,https://yanxuan-item.nosdn.127.net/5d0a63ba0c04f9c552c7a9141b4ed835.png,碳烤风味，原肉鲜香
弹润入味有嚼劲，秘制手撕牛肉 200克,https://yanxuan-item.nosdn.127.net/c33aae9733dffba344600c2d0d147e13.png,精选黄牛后腿肉，肉质柔嫩
大块黄牛后腿肉，卤汁牛肉 原味 180克,https://yanxuan-item.nosdn.127.net/9d2aabb20a0100db8979a3211d743681.png,肉中带筋，口感劲道
整片原切后腿肉，猪肉脯 150克,https://yanxuan-item.nosdn.127.net/fa8afe8e531a90005d346cc0fbcdaea1.png,大块猪后腿原肉切片
冻干蜂蜜柠檬片 60克,https://yanxuan-item.nosdn.127.net/60e89844b26c4d95100696974fb7b6f2.png,微酸果蜜，清心润心
江南特产，西湖藕粉 原味 20克*15袋,https://yanxuan-item.nosdn.127.net/72ffe0a001452f25993d049ea01eb55d.png,传统研磨，四味清香
宛如鲜炖，冻干银耳汤 15克*10袋,https://yanxuan-item.nosdn.127.net/92251d9c7717b121e7ec4a9dfafe46ed.png,60秒速泡，立享银耳原味
紫椴雪蜜 420克,https://yanxuan-item.nosdn.127.net/81abab8c2bbeafa599ded3809d712c63.png,洁白如雪，质润如膏
古法黑糖 168克,https://yanxuan-item.nosdn.127.net/0cfa0f567085844351412e126fc02282.png,古朴工艺，原汁熬制
阿拉比卡豆，充氮保鲜，意式挂耳咖啡 10袋,https://yanxuan-item.nosdn.127.net/1c4c3c8b2fabc3179616b4ee9de578db.jpg,充氮保鲜，挂耳鲜咖啡
葛根粉 30克*12袋,https://yanxuan-item.nosdn.127.net/8bfaf79ba4d4555ced59c69b71feedd9.png,细腻温润，甜糯醇柔
开盖即食，冰糖银耳莲子羹 280克*9杯,https://yanxuan-item.nosdn.127.net/1e53e158be152553ddf4f65f9223a7bf.png,开盖即食，清甜软糯
综合果蔬脆片 100克,https://yanxuan-item.nosdn.127.net/f71534f1825c91e87e321b6c1d578117.png,果蔬荟萃，原香原色
未开伞的厚肉肉，小香菇脆 100克,https://yanxuan-item.nosdn.127.net/086294f270da1993b26fa870eb77aa8c.png,整朵香菇，酥脆可口
≥16mm蓝莓大果制作，蓝莓果干,https://yanxuan-item.nosdn.127.net/b2aac81d1116fb3e4d2a747896064bdd.png,苹果汁浸泡，无蔗糖添加
一口咬到阳光的味道，大片芒果干,https://yanxuan-item.nosdn.127.net/6c4273b3a02e49e0e775d8d99a832d35.png,厚实绵韧，吃到真芒香
封存鲜果的艺术品，0脂鲜果冻 30克*10颗,https://yanxuan-item.nosdn.127.net/eea21c4736e9d4d83756c46307bbdf3e.png,果冻里含真果粒
综合水果脆片 100克,https://yanxuan-item.nosdn.127.net/9562078c56dbc42fe8f657e380043d29.png,缤纷五色，水果盛宴
综合菇菜脆片 100克,https://yanxuan-item.nosdn.127.net/da9b2ff1848c767558a38d0bb4b6ac6e.png,有菇有菜，营养之道
青梅饼 56克,https://yanxuan-item.nosdn.127.net/eef3ba6036be734980ce488c19c0b5ee.png,8分梅果，传统腌制
7月龄小青柑，玲珑柑普茶 130克,https://yanxuan-item.nosdn.127.net/43a4a43b5233898f941f3a92299d0879.png,冬日阳气闭藏，易饮红、黑、白茶，甘润生津
2022新茶现货，明前特级西湖龙井茶 80克,https://yanxuan-item.nosdn.127.net/a05eef2d37dc6bdb40c6a9e50b5586d6.jpg,"西湖龙井非遗大师“卢江梅“监制，尝2022开春头一杯鲜。
敦煌博物馆联名，梦回丝路。"
2022新茶现货，明前特级安吉竹韵白茶 50克,https://yanxuan-item.nosdn.127.net/2ac6dcb1800a92ae04dfb2d594707194.jpg,中国“白茶之乡”安吉溪龙，明前一杯鲜。敦煌博物馆联名，梦回丝路。
22新茶现货，梅家坞明前特级西湖龙井 150克,https://yanxuan-item.nosdn.127.net/aeb3bed3dbabc8069e2cbe4a9fa912a2.jpg,"西湖龙井非遗大师“卢江梅“监制，权威茶标认证；
西湖龙井核心产区梅家坞鲜叶。"
2022新茶，明前特级黄山毛峰 50克,https://yanxuan-item.nosdn.127.net/dc1f87dd94322c48710807ce095cd699.jpg,"清明时节出毛峰，源采自黄山富溪。
非遗制茶工艺，老谢家茶第49代传人“谢四十”监制。"
2022新茶开售，明前特级洞庭碧螺春 80克,https://yanxuan-item.nosdn.127.net/5e4598f71a2644611f3ef26530350acd.jpg,非遗制茶工艺，国茶大师“柳荣伟”监制。洞庭一盏茶，舌端似放妙莲花。
钱塘产区，2022年雨前上品龙井 80克 ,https://yanxuan-item.nosdn.127.net/9d2e5c5338033a72de31b5ec7207bb4d.png,非遗制艺，国茶大师监制
武夷山核心产区，400年传承正山小种 110克,https://yanxuan-item.nosdn.127.net/e73cc85cc163654ca8db6899481b89ca.png,世界红茶发源地，国茶大师监制
22新茶现货，梅家坞明前特级西湖龙井 200克,https://yanxuan-item.nosdn.127.net/0d4a81b0ace08a24bc92f0ea75cfb79b.jpg,西湖龙井一级产区梅家坞早春嫩芽，高端木质礼盒
22新茶现货，狮峰山明前精品西湖龙井 100克,https://yanxuan-item.nosdn.127.net/8f8dbafeb74bece1275172f12a535f03.jpg,龙井上品在狮峰，手采狮峰山明前鲜叶，西湖龙井非遗大师“卢江梅”监制，尝早春一杯鲜
胎菊 50克,https://yanxuan-item.nosdn.127.net/eb764685639ba43006038f885b655c89.png,桐乡胎菊，上品花茶
养生袋泡，黑苦荞胚芽茶 6克*21袋,https://yanxuan-item.nosdn.127.net/23dcd96b01e30a82162ce7a037bdd1b6.png,全胚芽态，麦香醇厚
移动袋泡茶，桂花乌龙茶 3克*10袋,https://yanxuan-item.nosdn.127.net/28da575680fff1dd2285ae8c97b1f0c7.png,丹桂飘香，茶香醇厚
一口就沦陷的初恋味道，蜜桃乌龙茶 15袋,https://yanxuan-item.nosdn.127.net/b8b90e340b2495a76036ec3c13818cb8.png,创新乌龙茶饮，更“桃”气
温调慢养，金丝皇菊 0.6克*20朵,https://yanxuan-item.nosdn.127.net/fbb361e65d6738056de8dfc78f67bc68.png,仅选用当年当季新花，一级上品
养气色神器，桂圆红枣枸杞茶 100克（10袋）,https://yanxuan-item.nosdn.127.net/275d03edf3d3bee261109aac3716a5b8.png,润泽身心，甜美好茶
办公室美颜，特级整朵玫瑰花冠茶 6克*6袋,https://yanxuan-item.nosdn.127.net/6821ba4bc449194d21727a5896f6abe6.png,低温烘干，花型饱满完整
草本调和，菊花金银花枸杞茶 100克（10袋）,https://yanxuan-item.nosdn.127.net/e546a0a9496779532b8bf1b775ed03e4.png,清凉润心好茶饮
养出好气色，牡丹韵四味阿胶糕礼盒 600克,https://yanxuan-item.nosdn.127.net/385e51c2a0e49f38a3f05dc34d96aa00.png,温和滋养，赠与佳人
每一盏都手工干挑，马来进口手挑燕盏,https://yanxuan-item.nosdn.127.net/478921fb11f3f83cf030d049670b4a1b.png,凝丝成盏，缕缕柔滑
99%即食燕窝 70克*3瓶 ,https://yanxuan-item.nosdn.127.net/90d5c0c05ebec05eae2610419698ec65.png,浓缩精炖，进口燕窝原料
追寻大海滋味，淡干海参礼盒 80克,https://yanxuan-item.nosdn.127.net/77939f0c6d1d6ac27b2e7e60f2e0bd2c.png,大连原产，海味珍品
焕发元气美肌，牡丹韵阿胶糕私享装 250克,https://yanxuan-item.nosdn.127.net/c379d04ec9d364b3fcaf5a638ad2c5b4.png,片片温润，甘香清甜
果粒饱满红润甘甜，即食枸杞 120克,https://yanxuan-item.nosdn.127.net/e4ccf037c60386f24f6ab3c5c9f692da.png,甘甜醇香，源于中宁
满满花青素，黑果枸杞 110克,https://yanxuan-item.nosdn.127.net/21e5d9ac2048d02e4bd8a6f7ea4e3ce3.png,自然风干，全熟果实
轻生活，享活力，益生菌粉固体饮料 30克,https://yanxuan-item.nosdn.127.net/471c3bc0a02f975eb6028d22131e838c.png,四大进口菌株，双益生元
三重蛋白雕刻肌肉 美国乳清蛋白健肌粉908克,https://yanxuan-item.nosdn.127.net/534fa0e35bb545c36e1d648c18160cf0.png,辅助肌肉生长恢复
甜品级健身零食 美国肌肉科技蛋白能量棒,https://yanxuan-item.nosdn.127.net/1dbe741fa3bca7bddcd12817a1e18138.png,快速补充能量 保持充沛精力
破壁灵芝孢子粉 1.5克*48袋,https://yanxuan-item.nosdn.127.net/7482ca94b826f0f0f62a62cd76aa34c5.png,助益增强免疫力
韩国红石榴精华五年根高丽参液10ml*30条,https://yanxuan-item.nosdn.127.net/987d2f12ae5eda4403a05a1ce8fa132b.png,随身来一条，参味浓郁
澳大利亚低聚半乳糖压片糖果150粒,https://yanxuan-item.nosdn.127.net/c3c48624a1f55ad0868912ba91d55288.png,鲜奶含着吃，补充优质钙源和益生元
澳大利亚制造叶黄素酯压片糖果150粒,https://yanxuan-item.nosdn.127.net/2494b8156f2fcdc3a19323e9094b9edc.png,好营养 发现更美世界
澳大利亚乳矿物盐压片糖果90片,https://yanxuan-item.nosdn.127.net/487ec18ae5a9104ba057c9a865c5d6b4.png,2.0补给模式，为身体助力
提供骨骼关节营养 美国益节氨糖钙片,https://yanxuan-item.nosdn.127.net/d6b57e2e93fd61409f8a59b859f42785.png,双重修护因子，补软骨护关节
3千年种植历史产区，甜糯板栗仁 50克*4袋,https://yanxuan-item.nosdn.127.net/554ba162fa8712d6d70a5275ea646081.png,铁矿石上的甜糯板栗
蜂蜜山楂条 135克,https://yanxuan-item.nosdn.127.net/a962ca6779705b9cde6cae10dcaa4b96.png,酸甜软糯，松脆不粘牙
春日落花酥 158克,https://yanxuan-item.nosdn.127.net/93186bdc6345b9d4b7a87960cc1d7949.png,优选食材，清甜不腻
封存鲜果的艺术品，0脂鲜果冻 30克*10颗,https://yanxuan-item.nosdn.127.net/eea21c4736e9d4d83756c46307bbdf3e.png,果冻里含真果粒
好吃到吮指回味，香脆薯条 原味 100克*2袋,https://yanxuan-item.nosdn.127.net/36a85da3693be249cf09cd35d1f09591.png,金黄松脆，薯香纯正
泡椒尖尖笋 300克,https://yanxuan-item.nosdn.127.net/f918e11a43fd20e7fb8a01d855ed73f9.png,酸辣劲道，脆爽地道
南枣核桃糕 160克,https://yanxuan-item.nosdn.127.net/d7088bcaa3f52b584a83c2f97b2826e4.png,手工制作，口感绵软
手磨豆干 268克,https://yanxuan-item.nosdn.127.net/45190ceec7456a7945d56a56ffa64061.png,秘卤鲜香 口感细腻
来自东北的“黑珍珠”，黑米 470克,https://yanxuan-item.nosdn.127.net/7d4ac7c20033822fd5e9afdc1a3e1e98.png,米汁香稠，Q弹醇香
红小豆 450克,https://yanxuan-item.nosdn.127.net/ed59a2e52ccc0d96b613c641453c3c8e.png,皮薄易煮，粒粒香甜
加量45%不加价，内蒙古赤峰黄小米 700克,https://yanxuan-item.nosdn.127.net/b31a75890cbec31723b17d24bf7acfbe.png,赤峰好谷，米香浓郁
免浸泡，12种谷物一次同享，五谷米 400克,https://yanxuan-item.nosdn.127.net/651743cffa31836328581368a192a040.png,无需浸泡，同煮同熟
加量50%不加价，贵州兴仁薏仁米 600克,https://yanxuan-item.nosdn.127.net/473cdec53d28fff3626aa9c87ab51028.png,粒粒饱满，颗颗香糯
紫米 410克,https://yanxuan-item.nosdn.127.net/f081c2d28a91543f59f0cacceec72e65.png,一年一熟的御田胭脂米
什锦素食粥米 500克,https://yanxuan-item.nosdn.127.net/d0b7ac8d19b7d48698f4c817a8436689.png,谷香米糯，营养美味
黄金玉粟粥米 500克,https://yanxuan-item.nosdn.127.net/64f818382689b54734a12e37b966ce77.png,谷物缤纷，香甜软糯
莆田桂圆肉 368克,https://yanxuan-item.nosdn.127.net/475a67c731da307644976b292d7b0990.png,香甜滑软，弹嫩甘糯
原产兰州，气清味美，甜百合干 168克,https://yanxuan-item.nosdn.127.net/f7194c85cf71c5d82e05914d6456bd33.png,干嚼清甜，一煮即糯
若羌红枣脆片 138克,https://yanxuan-item.nosdn.127.net/c3d33283f33a1cc3dc84d467d320dcfe.png,片片枣干，口口甘香
古田糯耳 150克,https://yanxuan-item.nosdn.127.net/2009de0a8e1566b687dd199a48efdb46.png,加热易糯，一煮即稠
竹荪 25克,https://yanxuan-item.nosdn.127.net/6319d726fd2495b201624f009324ae90.png,菌中皇后，汤品添鲜
楼兰灰枣 328克,https://yanxuan-item.nosdn.127.net/206369b8d74c7888ff03863e595e2d5e.png,肉实质脆，枣香浓郁
产自核心产区宁夏中宁，枸杞 258克,https://yanxuan-item.nosdn.127.net/3b91c38602f806a1314a1b0455489832.png,粒大色红，甘醇甜糯
无芯软糯的萌妹子，建宁莲子 228克,https://yanxuan-item.nosdn.127.net/6d24cbf39cb477b7f9b1a06fbeef4196.png,建莲佳品，稍炖即糯
香菇肉燥酱 375克（75克*5袋）,https://yanxuan-item.nosdn.127.net/aada32c857b5e6137969352cbb0ce8f4.png,台湾风味廿年秘制配方
手工8年精酿，无添加6°山西老陈醋 750毫升,https://yanxuan-item.nosdn.127.net/49db08752fa17a56683bc7e1557460ec.jpg,荣获2022年Pentawards设计金奖
三腌三榨地道江南小菜，榨菜丝 60克*10袋,https://yanxuan-item.nosdn.127.net/3a2d8d6ed1ff66cdb8fdf47e907a937c.png,脆嫩鲜香，江南风味
三分钟即享简餐，日式即食咖喱 150克,https://yanxuan-item.nosdn.127.net/537b94b9994e0470ff493e24b62b98d5.png,日式风味，甘香醇厚
川味果蔬辣椒酱 190克,https://yanxuan-item.nosdn.127.net/2e3cccdd9f7f980e8276ddf82d99ec60.png,辣香麻爽，地道川渝风味
火锅底料 番茄220克,https://yanxuan-item.nosdn.127.net/e0f20dbec12994bce91ad604de745ab0.png,川渝火锅魂，地道重庆味
从江香猪油辣椒 218克,https://yanxuan-item.nosdn.127.net/8b37139a7fc648179f97e5ab72c439d8.png,油润爽辣，苗家手作
下饭神器 酸豆角 50克*10袋,https://yanxuan-item.nosdn.127.net/34bce299394ac79bf0a15440a84fbf56.png,180天土窖腌制，酸爽脆嫩
软糯香甜还有板栗香，贝贝南瓜 6斤,https://yanxuan-item.nosdn.127.net/f4a8452e7b7076d49eae14dac1c294a8.png,健康粗粮，从田间直达餐桌
还原儿时番茄味，红黄双拼 2斤,https://yanxuan-item.nosdn.127.net/46611155bb516d57bcca4d0c4ed187a8.png,脆甜多汁，茄香浓郁
甜到流蜜，六鳌蜜薯 5斤,https://yanxuan-item.nosdn.127.net/bc6fc6146429c238352f33552e192541.png,几无硬筋，粉糯香甜
皮薄肉脆，沾化冬枣 2斤,https://yanxuan-item.nosdn.127.net/60c1b70f157b6041e38c7b6a00e0f43d.png,特级冬枣，脆甜多汁
甜蜜脆爽实力派，盐源精选丑苹果 5斤,https://yanxuan-item.nosdn.127.net/96fb43ddfc520f6c20e0b7fdc25b718d.png,新鲜当季，貌丑味美
质坚粉足耐蒸煮，铁棍山药 5斤,https://yanxuan-item.nosdn.127.net/cfc14cfb463bb8cf9c62b1331048d014.png,口感细腻，粉糯香甜
从外红到里，福建三红蜜柚 4个,https://yanxuan-item.nosdn.127.net/d22a3792497f0947b8ddbeab3d398f50.png,地方名果，“柚”人浓香
黄土高原上的梨中珍品，隰县玉露香梨 4.5斤,https://yanxuan-item.nosdn.127.net/09c3af355242c333ed3f741fc1e1fed9.png,个大核小，酥脆多汁
收获栽培成果，放心无污染，智能绿植机,https://yanxuan-item.nosdn.127.net/896b00c185d76f0a2814ef42b3b0b6a8.png,智能管培，种菜养花，安全省心
吸醛“活化石”，炭草花除臭花盆,https://yanxuan-item.nosdn.127.net/df92d3b4ba242e12ad1b9a355448a315.png,吸收甲醛，功能型花盆
会喝水的小爱宠，恐龙陶瓷栽培,https://yanxuan-item.nosdn.127.net/60f4fdc040571845e9d895a20ea5fa9d.png,桌面舒压小绿植，玩趣十足
可爱童趣，易种易活，棒棒糖种子栽培,https://yanxuan-item.nosdn.127.net/fce192c8c9f54afa2c2a7f36d8cebcf2.png,一颗种子，收获一个花园
体验种植乐趣，乐乐杯栽培,https://yanxuan-item.nosdn.127.net/762070bc2d5a049d6bef15c0a3e2ed18.png,多种小绿植，自然就在身边
植物营养急救专家，园艺浓缩营养液,https://yanxuan-item.nosdn.127.net/36e19e997b91c791ac09354c294dfcf7.png,营养补充，强劲快速
植物长效营养补给站，园艺控释营养粒 250g,https://yanxuan-item.nosdn.127.net/8a7ed0e86137804540f953c95cd778fd.png,控制释放，持久长效
持久绽放的秘密，鲜花保鲜浓缩液 236ml*2瓶,https://yanxuan-item.nosdn.127.net/3911e613544df00f020dc662e7dd49f3.png,轻轻一喷，持久保鲜慢凋零
椒麻鲜香，撩味派对小酥肉200g,https://yanxuan-item.nosdn.127.net/c1dbe6479c06ce01d451894ae7d8a783.png,裹层焦香，咔嚓酥脆，地道川蜀椒麻味
撩味派对，调味烤翅 225g*1袋,https://yanxuan-item.nosdn.127.net/14ed9245dd461cf0fc9b487bdd756df8.png,色泽金黄诱人，口感滑嫩鲜美
金黄酥脆，好嗨升鸡米花250g,https://yanxuan-item.nosdn.127.net/130e6abd54c4a442fb5fc6ce41cf32bb.png,无需解冻，开袋下锅浅炸，焦香酥脆
和牛牛肉制作，早餐汉堡饼 （100g*2片）,https://yanxuan-item.nosdn.127.net/6859abd26000ad747214b0be0b59361d.jpg,肉质较嫩，让早餐更有滋味
嫩滑有嚼劲，冷冻鸡翅中/翅根 500g,https://yanxuan-item.nosdn.127.net/c0340888a7f3b4265a9870916ecdec49.jpg,自有养殖基地，科学健康喂养
健康轻食，去皮冷冻鸡胸肉 500g,https://yanxuan-item.nosdn.127.net/79ce92cf63fbf11132e9a77017b01303.jpg,自有养殖基地，科学健康喂养
劲道脆爽，冷冻有骨鸡爪 500g,https://yanxuan-item.nosdn.127.net/455a0fcab8f518f0eafa47f79c8d261e.jpg,自有养殖基地，科学健康喂养
紧实细嫩，新鲜冷冻琵琶鸡腿 1kg,https://yanxuan-item.nosdn.127.net/845fdc5fd1b8f34b035dcc853eac876e.jpg,自有养殖基地，科学健康喂养
活虾现剥，弹滑南美虾仁,https://yanxuan-item.nosdn.127.net/21dbcfdfc3daca36c9f7a1a627f9e006.jpg,饱满紧实，只只整虾
奶香浓郁，蛋挞皮蛋挞液,https://yanxuan-item.nosdn.127.net/aa975a264a8fb635217c2d989322dfaf.png,7cm大蛋挞，满口奶香吃过瘾
阳澄湖牌大闸蟹礼券,https://yanxuan-item.nosdn.127.net/0febf64cee36ae58e22928cc3eef9447.jpeg,质量追溯、品质保障
鲜活捕捞，爽口鱿鱼须250g*1包（约15g/根）,https://yanxuan-item.nosdn.127.net/2fd6c246ba74a9a08eb96da8a55b4916.png,鲜甜海味，低脂低热量
虾肉饱满紧实，人工去头开背虾 500g,https://yanxuan-item.nosdn.127.net/201b6da2924788cb67ba05a769c25df2.png,虾肉饱满紧实，可做宝宝辅食
营养高蛋白 鲜嫩黑鱼片 300克,https://yanxuan-item.nosdn.127.net/95ff56193a0ec9c1791def20e7557c08.jpg,活鱼切片，免洗免浆
鲜甜海味，墨鱼仔 300g,https://yanxuan-item.nosdn.127.net/c610de9c6f4ef44a6cb1cdad064c2952.png,去除内脏和皮，烹饪更省心
去眼去齿，脆口鱿鱼足300g*1包（约80g/根）,https://yanxuan-item.nosdn.127.net/ab0ea38d2c32c246d2a63099cbeda78e.png,鲜甜海味，低脂低热量
撕口加热即食，活力早餐帕尼尼 100g,https://yanxuan-item.nosdn.127.net/66a0208fe5da6208d7792e7ac0e854c6.png,加热即食，鲜香培根
肉酱浓郁，真牛肉酱意面 320g,https://yanxuan-item.nosdn.127.net/5f4ae65ed58e31ab82158bb35eeec121.png,美味肉酱，粒粒香浓
不加明矾，大希地酥香小油条100g,https://yanxuan-item.nosdn.127.net/de3676165da861f4fc76089e27da6a88.png,复炸2分钟，早餐美味新搭档
看得见的大颗虾仁，水晶虾饺皇 100g,https://yanxuan-item.nosdn.127.net/2e7f314b3e9e58210bdb5e5b1e8cfe4c.png,新鲜虾仁，粤式风味
加热速食，手工包制早餐包,https://yanxuan-item.nosdn.127.net/eeafb3f35747decdfe0c07f7089e457e.png,可口多汁，快捷早餐佳选
九秒即熟，脆爽牛毛肚 150g*1袋,https://yanxuan-item.nosdn.127.net/4ce08964102e59b285c35cb92f0cc373.jpg,片片脆爽有嚼劲，爽口弹牙
鲜嫩柔软，肉质细嫩火锅牛排 150g*1盒,https://yanxuan-item.nosdn.127.net/f4b73b988a9ebca95628daf412abdb6c.jpg,鲜嫩柔软，肉香味足
馅料满满，经典三角披萨100g,https://yanxuan-item.nosdn.127.net/fc41f1ef322e0f53f8ac3b5dac5135ad.png,馅料满满，加热即食，简单方便
网易味央黑猪肉银卡（双月赏味）,https://yanxuan-item.nosdn.127.net/5bdd0c5eb5ab9235ad328ccb65b2820e.png,安心好肉 双月赏味
网易味央黑猪肉票,https://yanxuan-item.nosdn.127.net/d424a32a6cd4ce762381cc436dddc471.jpg,半年礼遇，美味共享
网易味央黑猪肉黑卡（全年至味）,https://yanxuan-item.nosdn.127.net/64e317851600dfc114011a0c04dfc71b.jpg,全年至味，品质追求
网易味央黑猪肉十全食美礼盒,https://yanxuan-item.nosdn.127.net/4477ada68b88919844c9a5931b3e4f95.jpg,均衡搭配，有骨有肉
网易味央黑猪肉8份装佳宴礼盒,https://yanxuan-item.nosdn.127.net/224e1ff07aad07804a4b709b70cdb9a7.jpg,有骨有肉 送礼精选
网易味央黑猪肉4份装礼宴礼盒,https://yanxuan-item.nosdn.127.net/db0e59897b0cde76bb04643258367e34.jpg,腴嫩多汁，肉香满溢
网易味央黑猪涮烤提货卡,https://yanxuan-item.nosdn.127.net/9a9abb6ce070d41a4e340a0abc638167.jpg,精选好肉，礼品优选
网易味央黑猪肉5份装飨宴礼盒,https://yanxuan-item.nosdn.127.net/47bd20da5453a86232a3f2e21515b5ff.jpg,安心黑猪 甄选好礼
西班牙里奥哈名庄之作，丹魄干红 750毫升,https://yanxuan-item.nosdn.127.net/8b07a52bcc515171c1ad563270e148b7.jpg,产区名庄，国际高分
名庄金奖加身，西班牙珍藏干红 750毫升,https://yanxuan-item.nosdn.127.net/5e1c40b70d7b9b16e736bf3a2856afcf.png,产区名庄，囊获大奖
经典品种交响曲，智利混酿干白 750毫升,https://yanxuan-item.nosdn.127.net/503552f16998989469715516414edeb3.png,智利名庄，香气迷人
智利老牌名庄，梅洛干红 750毫升,https://yanxuan-item.nosdn.127.net/eb818eb0f9f3dddf757b749df6240ba6.png,智利名庄伊拉苏，经典品种甜美柔顺
列级名庄出品，法国普罗旺斯桃红 750毫升,https://yanxuan-item.nosdn.127.net/43dc4bd63f9d28107385987a1109dd45.png,普罗旺斯列级酒庄，优雅精致
百年名庄出品，法国南部干红 750毫升,https://yanxuan-item.nosdn.127.net/8deaef45a91b902916dff4b6b85471a8.png,法国原产，原瓶进口
木桐正牌干红葡萄酒 750毫升 2016年,https://yanxuan-item.nosdn.127.net/823063a36f2f49ba5e92d6d1650b8fed.png,波尔多五大名庄木桐正牌
玛歌正牌干红 750毫升 2017年,https://yanxuan-item.nosdn.127.net/c9723778273a4235bda67bc02cf6c001.png,波尔多五大名庄玛歌正牌
青稞骨雪水魂，青稞酒 42度 500毫升,https://yanxuan-item.nosdn.127.net/9a9c9a50fac25efbde320113ba3b3e0e.png,高原青稞，绵甜柔顺
酱香黔酒大师监制，茅台镇的酒 500毫升,https://yanxuan-item.nosdn.127.net/7881c5836726192e940ce6f9b0a595b5.png,品酒师甄选，匠心打磨
泸州浓香窖酒42度 750毫升,https://yanxuan-item.nosdn.127.net/8f203347f4d5a8d18327ac1a018555c4.png,泸州窖香，源于1856
茅台王子酒 金王子 53度 500毫升,https://yanxuan-item.nosdn.127.net/6d48e6ea51a06b1356ccda21497fdb14.png,酱香突出，优雅细腻
延酱香酒精髓，茅台镇的酒珍藏12 500毫升,https://yanxuan-item.nosdn.127.net/9de5742d9409f13d43df890f8617c5a2.png,黔酒大师作品，匠心至诚打造
致敬小时光，老北京二锅头100毫升,https://yanxuan-item.nosdn.127.net/17f83904f9839ca9f75305e8aafb47ea.png,举杯共追忆，醇净好时光
茅台王子酒 酱香经典 53度 500毫升,https://yanxuan-item.nosdn.127.net/4fd9fe913636b35c98f4c92aa5ce0d25.png,匠心酿造，坚持传统酱香工艺
汉酱酒 51度 500毫升,https://yanxuan-item.nosdn.127.net/d5aa99abd61ddaa0a8c29503a51383a1.png,盛世汉酱，酿造美酒之醇
温酒话家常，特型黄酒 500毫升,https://yanxuan-item.nosdn.127.net/88b983859a739a568245ab3c27e1cfc0.png,绍兴出产，八年陈酿
多米尼加 陈年朗姆酒 700毫升,https://yanxuan-item.nosdn.127.net/ea385dd02c68bab136f3878add19fd7b.png,陈年朗姆，香味芬芳
一冬一酿手工造，半甜型黄酒 720毫升,https://yanxuan-item.nosdn.127.net/7530badec37a895c019577c1c8c412c4.png,八年陈酿，匠心手工酿造
苏格兰陈年单一麦芽威士忌 700毫升,https://yanxuan-item.nosdn.127.net/8a47e73ddc3eed25ef4e36ae9819d3c9.png,蒸馏大师监制
法国年份雅文邑 700毫升,https://yanxuan-item.nosdn.127.net/dcba89401425c71e4045e31eaf6548f9.png,经典产区限量单一老年份
醇正日韵，珍罕日本纯麦芽威士忌 700毫升,https://yanxuan-item.nosdn.127.net/2a9ba40a030f454f8a0809d30e64bd8f.png,纯正日威，知名酒厂高质出品
高分入选威士忌圣经，苏格兰单一麦芽威士忌,https://yanxuan-item.nosdn.127.net/36b3e5d486af9b24f516609f422cb244.png,苏格兰高地产区，名奖集身
【囤货装】半甜型黄酒 6瓶*2箱,https://yanxuan-item.nosdn.127.net/da6db8028d0007a33868a0e167ec6d33.png,八年陈酿，匠心手工酿造
鲜梅入酒365天熟成，日本手工梅酒 720mL ,https://yanxuan-item.nosdn.127.net/0ffb5fae73577772e3c81e0b3f6c1982.png,100%日本完熟南高梅，酸甜馥郁
桂香米浓，传承700年的桂花酿米酒 500毫升,https://yanxuan-item.nosdn.127.net/0e193252f1806b5f7caf8523e69035c1.png,香了七百年的“十月白”米酒
盛夏冰镇微醺，桂花米露750毫升,https://yanxuan-item.nosdn.127.net/8952e1fb5e7215d004d61e2ef07f213b.png,江南风味，入口桂香清甜
元汽欢腾，冰饮更佳，桂花起泡清酒710毫升,https://yanxuan-item.nosdn.127.net/af051500f57a42a62b39f76d3dba731b.jpg,轻快气泡，欢腾跳跃
延缓衰老抗疲劳，海狗鞭特补酒 125毫升,https://yanxuan-item.nosdn.127.net/94cc6115bef812ec67561507a8226d02.png,进口整鞭炮制，温润易饮
温润的米酿记忆，荔枝米露 750毫升,https://yanxuan-item.nosdn.127.net/d3866b9ce9b6402d321542a3cc6ebc7f.png,荔香馥郁，美妙微醺
荔香满溢，微醺荔枝酒 500毫升,https://yanxuan-item.nosdn.127.net/600e25b306a8d9804ee508b4a6737aa4.png,清甜微酸，荔香馥郁
清新酒香，茉莉白桃米酒 520毫升,https://yanxuan-item.nosdn.127.net/b018ab9df22da31d0126f2c293159ec8.png,桃香与茉莉奏鸣，小酌微醺
西班牙里奥哈名庄之作，丹魄干红 750毫升,https://yanxuan-item.nosdn.127.net/8b07a52bcc515171c1ad563270e148b7.jpg,产区名庄，国际高分
名庄金奖加身，西班牙珍藏干红 750毫升,https://yanxuan-item.nosdn.127.net/5e1c40b70d7b9b16e736bf3a2856afcf.png,产区名庄，囊获大奖
经典品种交响曲，智利混酿干白 750毫升,https://yanxuan-item.nosdn.127.net/503552f16998989469715516414edeb3.png,智利名庄，香气迷人
青稞骨雪水魂，青稞酒 42度 500毫升,https://yanxuan-item.nosdn.127.net/9a9c9a50fac25efbde320113ba3b3e0e.png,高原青稞，绵甜柔顺
温酒话家常，特型黄酒 500毫升,https://yanxuan-item.nosdn.127.net/88b983859a739a568245ab3c27e1cfc0.png,绍兴出产，八年陈酿
智利老牌名庄，梅洛干红 750毫升,https://yanxuan-item.nosdn.127.net/eb818eb0f9f3dddf757b749df6240ba6.png,智利名庄伊拉苏，经典品种甜美柔顺
酱香黔酒大师监制，茅台镇的酒 500毫升,https://yanxuan-item.nosdn.127.net/7881c5836726192e940ce6f9b0a595b5.png,品酒师甄选，匠心打磨
列级名庄出品，法国普罗旺斯桃红 750毫升,https://yanxuan-item.nosdn.127.net/43dc4bd63f9d28107385987a1109dd45.png,普罗旺斯列级酒庄，优雅精致
22新茶现货，梅家坞明前特级西湖龙井 200克,https://yanxuan-item.nosdn.127.net/0d4a81b0ace08a24bc92f0ea75cfb79b.jpg,西湖龙井一级产区梅家坞早春嫩芽，高端木质礼盒
22新茶现货，狮峰山明前精品西湖龙井 100克,https://yanxuan-item.nosdn.127.net/8f8dbafeb74bece1275172f12a535f03.jpg,龙井上品在狮峰，手采狮峰山明前鲜叶，西湖龙井非遗大师“卢江梅”监制，尝早春一杯鲜
勐海味，“一生一熟”普洱茶礼盒 357克*2饼,https://yanxuan-item.nosdn.127.net/16b6ae0c93b68f79177c06921087ed1c.png,普洱茶之乡“勐海产区”，国家一级评茶师推荐
八马，武夷金骏眉特级红茶千里江山国潮礼盒,https://yanxuan-item.nosdn.127.net/3d438c779d87458edfc295e361de2c29.jpg,金骏眉乃红茶新贵 因采用芽叶制成而倍加珍贵 滋味蜜甜醇厚 花果甜香 茶性发酵充足 温和健康
八马，福建闽北大红袍建盏茶具春节礼盒,https://yanxuan-item.nosdn.127.net/b6089763542b1ab58fe9943e120e05ea.jpg,红茶珍品金骏眉花香蜜韵 国之大器建盏流光溢彩 品茶鉴盏，赏工艺之奇，享生活之美
八马，浓香型特级铁观音赛珍珠3000礼盒,https://yanxuan-item.nosdn.127.net/e8d5f73809f7628fa5b8d8ef65b8341b.png,秉承十三代传承技艺 历经二十四定律严苛制作 十三代传承的浓香经典 粒粒如珍珠般珍贵，故名赛珍珠
陈韵金皮，新会陈皮,https://yanxuan-item.nosdn.127.net/b24b01bb07717c10702bc6d457ed2267.jpg,7年树龄以上珍稀老树柑园，“管家式”仓储，带有收藏批号溯源
武夷星，武夷山原产特级大红袍茶叶礼盒,https://yanxuan-item.nosdn.127.net/c2901376efaacff628506b491b0759aa.png,源自武夷山核心产区 传统工艺制作 一心做好茶
7月龄小青柑，玲珑柑普茶 130克,https://yanxuan-item.nosdn.127.net/43a4a43b5233898f941f3a92299d0879.png,冬日阳气闭藏，易饮红、黑、白茶，甘润生津
全新升级银罐，3年陈特级勐海熟普 7克x10袋,https://yanxuan-item.nosdn.127.net/7ea747c53e354422e6e7d428a5748998.png,普洱六大茶山之一，百年古树大叶种鲜叶
勐海味，“一生一熟”普洱茶礼盒 357克*2饼,https://yanxuan-item.nosdn.127.net/16b6ae0c93b68f79177c06921087ed1c.png,普洱茶之乡“勐海产区”，国家一级评茶师推荐
15年茶技师匠心拼配，陈皮普洱 7克*10袋,https://yanxuan-item.nosdn.127.net/1f435d7a6ef8ba0d392f13e79849687e.png,三年陈陈皮+特级普洱拼配，冬日阳气闭藏，易饮红、黑、白茶，甘润生津
易武3年陈，普洱茶饼 生茶 357克,https://yanxuan-item.nosdn.127.net/1948cd4b0313da515a33e3c7cc0acce7.png,出自普洱“中国贡茶第一镇”， 3年陈易武普洱上品
全新升级银罐，玲珑柑普茶 3罐,https://yanxuan-item.nosdn.127.net/29415dde797bf71b07feef9c636371c0.png,自然全生晒20天，越陈越香
百年福元昌复刻1920年紫票普洱茶,https://yanxuan-item.nosdn.127.net/d3f6eb9b0ef5437b78305b72e2cadbf4.jpg,百年品牌福元昌经典之作私享易武，精选正源产地易武正山，传统普洱工艺制作，蜜韵浓郁，越陈越香
书剑古茶陈年古树料碎银子云南普洱熟茶250g,https://yanxuan-item.nosdn.127.net/1321d724bd82d1d8a45f1bc64f544066.png,陈年古树料碎银子 普洱熟茶茶化石醇糯香滑
武夷山核心产区，400年传承正山小种 110克,https://yanxuan-item.nosdn.127.net/e73cc85cc163654ca8db6899481b89ca.png,世界红茶发源地，国茶大师监制
蜜香馥郁，云南红茶（滇红） 100克,https://yanxuan-item.nosdn.127.net/72ef34cbb6ac3f570c45536d68cabf03.png,西双版纳南糯山早春春芽嫩叶，山野气韵
源采武夷山桐木关，特级金骏眉 100克,https://yanxuan-item.nosdn.127.net/0257ad182df803fb9216cba52b586976.png,中国制茶大师监制，金毫显露。敦煌博物馆联名，再现国茶之风
岩茶精髓，武夷正岩特级大红袍 60克,https://yanxuan-item.nosdn.127.net/81e1ebce65d5b99e3c514fb70c0cd671.png,摘自武夷山正岩，源自百年母树扦插树种春芽，凤随仙韵，一壶岩韵
400年传承，正山小种 110克 *3罐,https://yanxuan-item.nosdn.127.net/4dd9cab26fcc917b4cf371755781eb7c.png,世界红茶发源地，国茶大师监制
八马，武夷金骏眉特级红茶千里江山国潮礼盒,https://yanxuan-item.nosdn.127.net/3d438c779d87458edfc295e361de2c29.jpg,金骏眉乃红茶新贵 因采用芽叶制成而倍加珍贵 滋味蜜甜醇厚 花果甜香 茶性发酵充足 温和健康
正宗滇红 澜沧古茶金典红红茶双罐礼盒200g,https://yanxuan-item.nosdn.127.net/e483ce69a9dfe70eddc27ae58d6bbc2d.jpg,高浓高香高甜，甜醇鲜爽
2022新茶现货，明前特级西湖龙井茶 80克,https://yanxuan-item.nosdn.127.net/a05eef2d37dc6bdb40c6a9e50b5586d6.jpg,"西湖龙井非遗大师“卢江梅“监制，尝2022开春头一杯鲜。
敦煌博物馆联名，梦回丝路。"
2022新茶现货，明前特级安吉竹韵白茶 50克,https://yanxuan-item.nosdn.127.net/2ac6dcb1800a92ae04dfb2d594707194.jpg,中国“白茶之乡”安吉溪龙，明前一杯鲜。敦煌博物馆联名，梦回丝路。
22新茶现货，梅家坞明前特级西湖龙井 150克,https://yanxuan-item.nosdn.127.net/aeb3bed3dbabc8069e2cbe4a9fa912a2.jpg,"西湖龙井非遗大师“卢江梅“监制，权威茶标认证；
西湖龙井核心产区梅家坞鲜叶。"
2022新茶，明前特级黄山毛峰 50克,https://yanxuan-item.nosdn.127.net/dc1f87dd94322c48710807ce095cd699.jpg,"清明时节出毛峰，源采自黄山富溪。
非遗制茶工艺，老谢家茶第49代传人“谢四十”监制。"
2022新茶开售，明前特级洞庭碧螺春 80克,https://yanxuan-item.nosdn.127.net/5e4598f71a2644611f3ef26530350acd.jpg,非遗制茶工艺，国茶大师“柳荣伟”监制。洞庭一盏茶，舌端似放妙莲花。
钱塘产区，2022年雨前上品龙井 80克 ,https://yanxuan-item.nosdn.127.net/9d2e5c5338033a72de31b5ec7207bb4d.png,非遗制艺，国茶大师监制
2022新茶现货，狮子峰头采精品西湖龙井,https://yanxuan-item.nosdn.127.net/8336bb834531ea659a94fabd70a72a00.jpg,开春头采 兰花香显
2022新茶现货，梅家坞头采精品西湖龙井,https://yanxuan-item.nosdn.127.net/e43b00a3030e7ace6d80d0105c3a08d3.jpg,手工精品 豆香持久 回味甘甜
升级银罐，安溪高山特级铁观音 清香100克,https://yanxuan-item.nosdn.127.net/629eb92e316e0e62de8d5728296e072c.png,国茶工匠大师监制，独具“观音韵”
醇不过水仙，武夷正岩产区特级水仙 60克,https://yanxuan-item.nosdn.127.net/294924e9b4c3c35aed5d47a37d72af4d.png,敦煌博物馆联名出品，中国制茶大师监制
香不过肉桂，武夷正岩特级肉桂 60克,https://yanxuan-item.nosdn.127.net/85c6e812884da009bb3d1562e158f6cb.png,“香不过肉桂，醇不过水仙”，中国制茶大师监制，可以喝的收藏品
高山醇厚韵味，单泡陈皮白茶 5克*18袋,https://yanxuan-item.nosdn.127.net/8406ef05f92ea004062ef2bb7b30b9a8.png,3年福鼎白茶，3年新会陈皮拼配
八马，福建太姥山福鼎贡眉紧压白茶饼,https://yanxuan-item.nosdn.127.net/09652c5d27cd2dc426a1033f7092570b.jpg,源自福鼎白茶核心原产地福建省福鼎市 产区溪水环绕，沿太姥山脉向东南、西东方向分布，水资源丰富
八马，新会柑皮白茶小青柑罐装 250克,https://yanxuan-item.nosdn.127.net/bc96fcb75d2b6b946c1d27501fd33e5d.jpg,"新会小青柑搭配福鼎白茶柑白一颗小小，囊尽青柑的清新与白茶的从青涩到甘醇,浑然天成甜爽"
八马，福建闽北大红袍建盏茶具春节礼盒,https://yanxuan-item.nosdn.127.net/b6089763542b1ab58fe9943e120e05ea.jpg,红茶珍品金骏眉花香蜜韵 国之大器建盏流光溢彩 品茶鉴盏，赏工艺之奇，享生活之美
八马，浓香型特级铁观音赛珍珠3000礼盒,https://yanxuan-item.nosdn.127.net/e8d5f73809f7628fa5b8d8ef65b8341b.png,秉承十三代传承技艺 历经二十四定律严苛制作 十三代传承的浓香经典 粒粒如珍珠般珍贵，故名赛珍珠
胎菊 50克,https://yanxuan-item.nosdn.127.net/eb764685639ba43006038f885b655c89.png,桐乡胎菊，上品花茶
养生袋泡，黑苦荞胚芽茶 6克*21袋,https://yanxuan-item.nosdn.127.net/23dcd96b01e30a82162ce7a037bdd1b6.png,全胚芽态，麦香醇厚
移动袋泡茶，桂花乌龙茶 3克*10袋,https://yanxuan-item.nosdn.127.net/28da575680fff1dd2285ae8c97b1f0c7.png,丹桂飘香，茶香醇厚
一口就沦陷的初恋味道，蜜桃乌龙茶 15袋,https://yanxuan-item.nosdn.127.net/b8b90e340b2495a76036ec3c13818cb8.png,创新乌龙茶饮，更“桃”气
温调慢养，金丝皇菊 0.6克*20朵,https://yanxuan-item.nosdn.127.net/fbb361e65d6738056de8dfc78f67bc68.png,仅选用当年当季新花，一级上品
养气色神器，桂圆红枣枸杞茶 100克（10袋）,https://yanxuan-item.nosdn.127.net/275d03edf3d3bee261109aac3716a5b8.png,润泽身心，甜美好茶
办公室美颜，特级整朵玫瑰花冠茶 6克*6袋,https://yanxuan-item.nosdn.127.net/6821ba4bc449194d21727a5896f6abe6.png,低温烘干，花型饱满完整
草本调和，菊花金银花枸杞茶 100克（10袋）,https://yanxuan-item.nosdn.127.net/e546a0a9496779532b8bf1b775ed03e4.png,清凉润心好茶饮
只选当日鲜奶发酵，酸奶 200克×24盒,https://yanxuan-item.nosdn.127.net/f785f38a9529e6c79f44669c6349ffa9.png,受疫情影响，部分仓库发出批次为5月28号及7月18号，介意慎拍。浓醇顺滑，安心健康
新装上市，专属牧场纯牛奶 250毫升*24盒 ,https://yanxuan-item.nosdn.127.net/c883c17cd61748359fa7bf9174727bbe.png,原奶指标远优于欧盟标准
无防腐剂，色香味俱全核桃乳 240毫升*16罐,https://yanxuan-item.nosdn.127.net/03e85e1031ec0acc9ccc240078b3b12c.png,精细研磨，滴滴香浓
【囤货装】专属牧场纯牛奶 24盒*2箱,https://yanxuan-item.nosdn.127.net/a75dc60371cdeea92c76ad66e97ea38a.png,来自黄金产奶带，实惠健康牛奶囤货装
减脂60%，低脂纯牛奶 250ml×24盒,https://yanxuan-item.nosdn.127.net/5954bbc8854ea137bc157154dec7e3da.png,运动健身佳选，营养补蛋白
营养更鲜活 新西兰纽仕兰全脂鲜奶粉1kg,https://yanxuan-item.nosdn.127.net/ee3ac73b474c1ca6493b838400b3e986.jpg,能冲出奶皮，冷水可冲开
低脂纯牛奶 24盒*2箱,https://yanxuan-item.nosdn.127.net/35ac8d687a9b6a155d4482acc5916e6c.png,甄选好奶，滴滴浓醇
全家营养早餐 澳大利亚天然牧场纯牛奶1L*6,https://yanxuan-item.nosdn.127.net/a010c5e809c3f29585a269680d153f9b.png,一瓶一码，产源可追溯
酸梅汤 350毫升*9瓶,https://yanxuan-item.nosdn.127.net/74adab950fec13739f0487ec4afbde89.png,酸甜适口，还原儿时好味道
鲜果冷榨，杨梅汁饮料 280毫升*6瓶,https://yanxuan-item.nosdn.127.net/28a006d0a1218ba3660aa19252d75a4d.png,饮汤如食梅，冰沙的口感
无忧畅饮0酒精 澳大利亚气泡葡萄汁750毫升,https://yanxuan-item.nosdn.127.net/e7b902c2d2857857c7e5e6cb88b8b691.png,果味馥郁，0%酒精，驾驶无忧
好喝到冒泡 桂花气泡酸梅汤410ml*9瓶,https://yanxuan-item.nosdn.127.net/fc5a9bce957932918af39392692aafaa.jpg,绵密气泡，清爽爆棚，冰镇风味更佳。
Bragg美国无糖零脂苹果醋473ml,https://yanxuan-item.nosdn.127.net/e416b2024a961cd4a5979d06e7d8f951.jpg,Bragg美国健身无糖零脂原浆苹果醋473ml
Bragg美国无糖零脂苹果醋946ml,https://yanxuan-item.nosdn.127.net/650f46c384b310511c4d3b0f2e8c44c8.jpg,美国原装进口醋
冻干蜂蜜柠檬片 60克,https://yanxuan-item.nosdn.127.net/60e89844b26c4d95100696974fb7b6f2.png,微酸果蜜，清心润心
古法黑糖 168克,https://yanxuan-item.nosdn.127.net/0cfa0f567085844351412e126fc02282.png,古朴工艺，原汁熬制
秋冬更温暖，红糖姜茶 12克*10条,https://yanxuan-item.nosdn.127.net/7664209992fe8f340cbe905feadb8bfb.png,暖意盈杯，无惧寒凉
100%原装进口，鲜活椰子水 330毫升*12瓶,https://yanxuan-item.nosdn.127.net/d9052aa04d6866c839ccf49e994b9c4f.png,非浓缩还原，零脂轻负担
100年渗透，麦饭石天然矿泉水 330毫升*24瓶,https://yanxuan-item.nosdn.127.net/2d65d331195f92c812d8ab8445006044.png,麦饭石深层裂隙水，滴滴珍贵
为【我们的新时代】 干杯！西藏冰川水 24瓶,https://yanxuan-item.nosdn.127.net/67f70886db14225ddc7618a183640f70.jpg,7100米高地的天赐纯净，弱碱性冰川水
0糖0脂，白桃/菠萝气泡啵啵水,https://yanxuan-item.nosdn.127.net/2e3861a06a8a071ebec42ecb5bd5ae2e.jpg,新口味上市，不“肥”宅快乐水，好喝到冒泡
欢腾气泡激荡果香 法国零酒精起泡酒750mL,https://yanxuan-item.nosdn.127.net/f8879f1f0b9c04b7abedd706a6b8e4aa.jpg,不含酒精，老少皆宜，驾驶无忧
阿拉比卡豆，充氮保鲜，意式挂耳咖啡 10袋,https://yanxuan-item.nosdn.127.net/1c4c3c8b2fabc3179616b4ee9de578db.jpg,充氮保鲜，挂耳鲜咖啡
口味换新，10口味精品挂耳咖啡 20袋,https://yanxuan-item.nosdn.127.net/3b1b644a65e4c4ba7493ae26c667efde.png,单品豆，尽享七国10种风味
埃塞耶加雪啡 浅烘精品挂耳咖啡 10袋,https://yanxuan-item.nosdn.127.net/740baebf122ac85c0f6716c5c802b8f6.png,人工选豆，G1 日晒，杯测评分85.5
三顿半，冷热萃超即溶精品咖啡 24颗,https://yanxuan-item.nosdn.127.net/278929efdcac5c87bb045eb52acf3d0e.png,全新5.0升级版上线，新豆新风味。
德国优质冻干速溶黑咖啡 50克,https://yanxuan-item.nosdn.127.net/205c83d4190726fa52710a93e518d2c3.jpg,速溶咖啡中的精品
印尼林东曼特宁 深烘精品挂耳咖啡 10袋,https://yanxuan-item.nosdn.127.net/24a5d479e20680fc9f604c7b8eef18cd.png,G1湿刨，低酸回甘，浓厚香醇
马来西亚蓝山风味白咖啡 40*16g*1,https://yanxuan-item.nosdn.127.net/81b813c74e8791f0ca9b8d9ac607c764.jpg,蓝山风味三合一，香醇无酸
阿拉比卡豆，美意双拼挂耳鲜咖啡 24袋 ,https://yanxuan-item.nosdn.127.net/8d72b941d1667ba7c5c9ccb73d6444fa.png,进度条可视，美意各12袋
江南特产，西湖藕粉 原味 20克*15袋,https://yanxuan-item.nosdn.127.net/72ffe0a001452f25993d049ea01eb55d.png,传统研磨，四味清香
紫椴雪蜜 420克,https://yanxuan-item.nosdn.127.net/81abab8c2bbeafa599ded3809d712c63.png,洁白如雪，质润如膏
葛根粉 30克*12袋,https://yanxuan-item.nosdn.127.net/8bfaf79ba4d4555ced59c69b71feedd9.png,细腻温润，甜糯醇柔
身体更轻盈，红豆薏仁粉 25克*12袋,https://yanxuan-item.nosdn.127.net/fda99b89f0855228102381f33f6507e9.png,药食同源，安心代餐
酸奶草莓奇亚籽谷物燕麦片 600克,https://yanxuan-item.nosdn.127.net/d6aa61348dc4e6a2969df87e720efd97.png,5%网红奇亚籽，“麦”趣代餐
魔芋代餐粥 40克*10袋,https://yanxuan-item.nosdn.127.net/43158326cf9e2c0377a90b3e119106bd.png,浓醇香滑，代餐佳选
无添加蔗糖，澳洲进口即食燕麦片 1千克,https://yanxuan-item.nosdn.127.net/a2c71ceb7f448762bf2769282d19d698.png,澳洲进口燕麦，免煮即食
每日坚果亚麻籽谷物燕麦片 600克,https://yanxuan-item.nosdn.127.net/10a2ee5f54ae6634e047bc5584a4d15e.png,燕麦遇见坚果，越吃越香停不了
来自东北的“黑珍珠”，黑米 470克,https://yanxuan-item.nosdn.127.net/7d4ac7c20033822fd5e9afdc1a3e1e98.png,米汁香稠，Q弹醇香
红小豆 450克,https://yanxuan-item.nosdn.127.net/ed59a2e52ccc0d96b613c641453c3c8e.png,皮薄易煮，粒粒香甜
加量45%不加价，内蒙古赤峰黄小米 700克,https://yanxuan-item.nosdn.127.net/b31a75890cbec31723b17d24bf7acfbe.png,赤峰好谷，米香浓郁
免浸泡，12种谷物一次同享，五谷米 400克,https://yanxuan-item.nosdn.127.net/651743cffa31836328581368a192a040.png,无需浸泡，同煮同熟
加量50%不加价，贵州兴仁薏仁米 600克,https://yanxuan-item.nosdn.127.net/473cdec53d28fff3626aa9c87ab51028.png,粒粒饱满，颗颗香糯
紫米 410克,https://yanxuan-item.nosdn.127.net/f081c2d28a91543f59f0cacceec72e65.png,一年一熟的御田胭脂米
什锦素食粥米 500克,https://yanxuan-item.nosdn.127.net/d0b7ac8d19b7d48698f4c817a8436689.png,谷香米糯，营养美味
黄金玉粟粥米 500克,https://yanxuan-item.nosdn.127.net/64f818382689b54734a12e37b966ce77.png,谷物缤纷，香甜软糯
莆田桂圆肉 368克,https://yanxuan-item.nosdn.127.net/475a67c731da307644976b292d7b0990.png,香甜滑软，弹嫩甘糯
原产兰州，气清味美，甜百合干 168克,https://yanxuan-item.nosdn.127.net/f7194c85cf71c5d82e05914d6456bd33.png,干嚼清甜，一煮即糯
若羌红枣脆片 138克,https://yanxuan-item.nosdn.127.net/c3d33283f33a1cc3dc84d467d320dcfe.png,片片枣干，口口甘香
古田糯耳 150克,https://yanxuan-item.nosdn.127.net/2009de0a8e1566b687dd199a48efdb46.png,加热易糯，一煮即稠
竹荪 25克,https://yanxuan-item.nosdn.127.net/6319d726fd2495b201624f009324ae90.png,菌中皇后，汤品添鲜
楼兰灰枣 328克,https://yanxuan-item.nosdn.127.net/206369b8d74c7888ff03863e595e2d5e.png,肉实质脆，枣香浓郁
产自核心产区宁夏中宁，枸杞 258克,https://yanxuan-item.nosdn.127.net/3b91c38602f806a1314a1b0455489832.png,粒大色红，甘醇甜糯
无芯软糯的萌妹子，建宁莲子 228克,https://yanxuan-item.nosdn.127.net/6d24cbf39cb477b7f9b1a06fbeef4196.png,建莲佳品，稍炖即糯
大丈夫方便面 轻巧款 私房牛肉味 64克*6杯,https://yanxuan-item.nosdn.127.net/5d414a5ace910413526bc6be9db625af.png,非油炸，好吃不上火
北海道风味大虾面 61克*6杯,https://yanxuan-item.nosdn.127.net/bf0e3828192ce869385ec408ba6fe5c5.jpg,看得见的大只虾仁，吃得到的日式风味
现泡免煮，螺蛳粉 370克*6盒,https://yanxuan-item.nosdn.127.net/d64822f7a93b3f6a60e5b98c65da72e1.jpg,柳州味道，酸爽香臭
桂林米粉传统干拌270克/袋,https://yanxuan-item.nosdn.127.net/dd56badf9f0e46b95592379e674b1d68.png,桂林传统地道风味小吃
冻干藤椒牛肉面 70克*12盒,https://yanxuan-item.nosdn.127.net/d2df6020283336ab2360b2732b2c9522.jpg,椒麻爽辣，面弹肉香，地道川味
冻干藤椒豚骨面 74克*12盒,https://yanxuan-item.nosdn.127.net/5222c8e97009f4ab1cfe6fbaea2efbfd.jpg,日式风味，汤浓肉鲜，椒麻过瘾
一冲即食的暖心粥，皮蛋瘦肉粥 37克*6杯,https://yanxuan-item.nosdn.127.net/f52dc1082f8d96033d069aaa94932314.png,FD冻干工艺，5分钟即食
花甲米线 128克*6杯,https://yanxuan-item.nosdn.127.net/2e726a6f636cd99466ec7745ce7f66d8.png,醇香辣爽，戳中味蕾命门
肉香满满，火腿猪肉罐头 198克*24罐/箱,https://yanxuan-item.nosdn.127.net/8edb777abc8f2b4e26743e58a8610029.png,≥90%含肉量，肉粒鲜嫩可见
小饿小馋来一份，即食甜玉米粒 60克*10袋 ,https://yanxuan-item.nosdn.127.net/3feeee127f9c93629aafcab75293a731.png,小袋常温锁鲜，沙拉好伴侣
四喜烤麸 160克*3罐,https://yanxuan-item.nosdn.127.net/4890659e70fa575c770f6a6373b3c82f.png,宁波奉化风味，还原现做口感
油焖烤笋 180克*3罐,https://yanxuan-item.nosdn.127.net/5bc671c48c64a88d5345b8be011fae58.png,非遗工艺制作，产自“雷笋之乡”奉化
午餐肉罐头198克*3罐,https://yanxuan-item.nosdn.127.net/badb1a991e3b731af040fbdaba6c2a9f.png,安心肉源，宝藏小罐肉满满
油浸-黄鳍金枪鱼罐头140克/罐,https://yanxuan-item.nosdn.127.net/72f5b055af18389729e80a941966619d.png,深海黄鳍金枪鱼，百搭轻食
爆浆流心，日式溏心蛋12枚,https://yanxuan-item.nosdn.127.net/6f403ffb39aa3110c98274395e207ae4.jpg,独创6.5度流心蛋黄，风味口感俱佳
正宗蟹黄酱拌面，不等蟹黄面,https://yanxuan-item.nosdn.127.net/83f0a26c05c16c179066bf9e27565235.jpg,约5只蟹制作的蟹黄面 上海贵价餐厅的拉面轻奢款！
三重蛋白雕刻肌肉 美国乳清蛋白健肌粉908克,https://yanxuan-item.nosdn.127.net/534fa0e35bb545c36e1d648c18160cf0.png,辅助肌肉生长恢复
甜品级健身零食 美国肌肉科技蛋白能量棒,https://yanxuan-item.nosdn.127.net/1dbe741fa3bca7bddcd12817a1e18138.png,快速补充能量 保持充沛精力
破壁灵芝孢子粉 1.5克*48袋,https://yanxuan-item.nosdn.127.net/7482ca94b826f0f0f62a62cd76aa34c5.png,助益增强免疫力
韩国红石榴精华五年根高丽参液10ml*30条,https://yanxuan-item.nosdn.127.net/987d2f12ae5eda4403a05a1ce8fa132b.png,随身来一条，参味浓郁
澳大利亚低聚半乳糖压片糖果150粒,https://yanxuan-item.nosdn.127.net/c3c48624a1f55ad0868912ba91d55288.png,鲜奶含着吃，补充优质钙源和益生元
澳大利亚制造叶黄素酯压片糖果150粒,https://yanxuan-item.nosdn.127.net/2494b8156f2fcdc3a19323e9094b9edc.png,好营养 发现更美世界
澳大利亚乳矿物盐压片糖果90片,https://yanxuan-item.nosdn.127.net/487ec18ae5a9104ba057c9a865c5d6b4.png,2.0补给模式，为身体助力
提供骨骼关节营养 美国益节氨糖钙片,https://yanxuan-item.nosdn.127.net/d6b57e2e93fd61409f8a59b859f42785.png,双重修护因子，补软骨护关节
果粒饱满红润甘甜，即食枸杞 120克,https://yanxuan-item.nosdn.127.net/e4ccf037c60386f24f6ab3c5c9f692da.png,甘甜醇香，源于中宁
轻生活，享活力，益生菌粉固体饮料 30克,https://yanxuan-item.nosdn.127.net/471c3bc0a02f975eb6028d22131e838c.png,四大进口菌株，双益生元
传统熬制入口即化，桑葚膏 120克,https://yanxuan-item.nosdn.127.net/e86891cb5b0e64999baa8c340123487c.png,60倍浓缩好膏，找回你的自信
鲜梨熬制浓缩精华，雪梨枇杷膏 120克,https://yanxuan-item.nosdn.127.net/5211058f32ceb5feda328c90da021393.png,砀山梨64倍浓缩，浸膏含量达34-35%
熬夜党人的救星，夜与茶 10克*12袋,https://yanxuan-item.nosdn.127.net/3b337b13e708cda517aa941506bb8a4b.png,深夜养生，一杯好滋补
阿胶姜枣丸 100克,https://yanxuan-item.nosdn.127.net/389f821deb5183e946323f4b004698c9.png,优选原材，四季滋补
一身轻盈，轻与茶 10克*12袋,https://yanxuan-item.nosdn.127.net/2c1ec40a570cfae33149a19a17111b06.png,身体放晴，轻盈好状态
畅快舒爽，润与茶 10克*12袋,https://yanxuan-item.nosdn.127.net/c6a6fa10979f7f34343f0e360c84fcd5.png,真材实料，清凉舒爽
养出好气色，牡丹韵四味阿胶糕礼盒 600克,https://yanxuan-item.nosdn.127.net/385e51c2a0e49f38a3f05dc34d96aa00.png,温和滋养，赠与佳人
每一盏都手工干挑，马来进口手挑燕盏,https://yanxuan-item.nosdn.127.net/478921fb11f3f83cf030d049670b4a1b.png,凝丝成盏，缕缕柔滑
99%即食燕窝 70克*3瓶 ,https://yanxuan-item.nosdn.127.net/90d5c0c05ebec05eae2610419698ec65.png,浓缩精炖，进口燕窝原料
追寻大海滋味，淡干海参礼盒 80克,https://yanxuan-item.nosdn.127.net/77939f0c6d1d6ac27b2e7e60f2e0bd2c.png,大连原产，海味珍品
焕发元气美肌，牡丹韵阿胶糕私享装 250克,https://yanxuan-item.nosdn.127.net/c379d04ec9d364b3fcaf5a638ad2c5b4.png,片片温润，甘香清甜
满满花青素，黑果枸杞 110克,https://yanxuan-item.nosdn.127.net/21e5d9ac2048d02e4bd8a6f7ea4e3ce3.png,自然风干，全熟果实
新鲜燕窝仙女喝，30%即食燕窝 70克*6瓶 ,https://yanxuan-item.nosdn.127.net/5f3342f573c712d39a535261b6a19c3a.png,燕盏原材，品质升级
新鲜美味即刻享有，冷冻海参（即食） 500克,https://yanxuan-item.nosdn.127.net/29a7a12864b2c7f8e082d98303db4159.png,品质苗种，肉质弹润
撕口加热即食，活力早餐帕尼尼 100g,https://yanxuan-item.nosdn.127.net/66a0208fe5da6208d7792e7ac0e854c6.png,加热即食，鲜香培根
肉酱浓郁，真牛肉酱意面 320g,https://yanxuan-item.nosdn.127.net/5f4ae65ed58e31ab82158bb35eeec121.png,美味肉酱，粒粒香浓
不加明矾，大希地酥香小油条100g,https://yanxuan-item.nosdn.127.net/de3676165da861f4fc76089e27da6a88.png,复炸2分钟，早餐美味新搭档
看得见的大颗虾仁，水晶虾饺皇 100g,https://yanxuan-item.nosdn.127.net/2e7f314b3e9e58210bdb5e5b1e8cfe4c.png,新鲜虾仁，粤式风味
加热速食，手工包制早餐包,https://yanxuan-item.nosdn.127.net/eeafb3f35747decdfe0c07f7089e457e.png,可口多汁，快捷早餐佳选
九秒即熟，脆爽牛毛肚 150g*1袋,https://yanxuan-item.nosdn.127.net/4ce08964102e59b285c35cb92f0cc373.jpg,片片脆爽有嚼劲，爽口弹牙
鲜嫩柔软，肉质细嫩火锅牛排 150g*1盒,https://yanxuan-item.nosdn.127.net/f4b73b988a9ebca95628daf412abdb6c.jpg,鲜嫩柔软，肉香味足
馅料满满，经典三角披萨100g,https://yanxuan-item.nosdn.127.net/fc41f1ef322e0f53f8ac3b5dac5135ad.png,馅料满满，加热即食，简单方便
椒麻鲜香，撩味派对小酥肉200g,https://yanxuan-item.nosdn.127.net/c1dbe6479c06ce01d451894ae7d8a783.png,裹层焦香，咔嚓酥脆，地道川蜀椒麻味
撩味派对，调味烤翅 225g*1袋,https://yanxuan-item.nosdn.127.net/14ed9245dd461cf0fc9b487bdd756df8.png,色泽金黄诱人，口感滑嫩鲜美
金黄酥脆，好嗨升鸡米花250g,https://yanxuan-item.nosdn.127.net/130e6abd54c4a442fb5fc6ce41cf32bb.png,无需解冻，开袋下锅浅炸，焦香酥脆
和牛牛肉制作，早餐汉堡饼 （100g*2片）,https://yanxuan-item.nosdn.127.net/6859abd26000ad747214b0be0b59361d.jpg,肉质较嫩，让早餐更有滋味
嫩滑有嚼劲，冷冻鸡翅中/翅根 500g,https://yanxuan-item.nosdn.127.net/c0340888a7f3b4265a9870916ecdec49.jpg,自有养殖基地，科学健康喂养
健康轻食，去皮冷冻鸡胸肉 500g,https://yanxuan-item.nosdn.127.net/79ce92cf63fbf11132e9a77017b01303.jpg,自有养殖基地，科学健康喂养
软韧爽滑，新鲜冷冻掌中宝 250g,https://yanxuan-item.nosdn.127.net/c87ae865b5f13a12f25f54d2df1e238d.jpg,自有养殖基地，科学健康喂养
传统手法腌制，沪式腊味组合,https://yanxuan-item.nosdn.127.net/6b3ef30d0937f3d223a41cec229828fa.jpg,百年传承，秘制配方而成
