标题,链接
python技能树,"https://bbs.csdn.net/skill/python?ops_request_misc=&request_id=&biz_id=&utm_medium=distribute.pc_search_result.none-task-skillTree-2~all~top_card~default-1-python-null-null.142^v66^control,201^v3^control_2,213^v2^t3_control1&utm_term=python"
python从入门到精通――完整教程,"https://blog.csdn.net/m0_58523831/article/details/120851261?ops_request_misc=%257B%2522request%255Fid%2522%253A%2522166918402916782429786863%2522%252C%2522scm%2522%253A%252220140713.130102334..%2522%257D&request_id=166918402916782429786863&biz_id=0&utm_medium=distribute.pc_search_result.none-task-blog-2~all~top_positive~default-2-120851261-null-null.142^v66^control,201^v3^control_2,213^v2^t3_control1&utm_term=python"
python烟花代码,"https://blog.csdn.net/weixin_50973371/article/details/111120569?ops_request_misc=%257B%2522request%255Fid%2522%253A%2522166918402916782429786863%2522%252C%2522scm%2522%253A%252220140713.130102334..%2522%257D&request_id=166918402916782429786863&biz_id=0&utm_medium=distribute.pc_search_result.none-task-blog-2~all~top_positive~default-3-111120569-null-null.142^v66^control,201^v3^control_2,213^v2^t3_control1&utm_term=python"
python实现樱花,"https://blog.csdn.net/weixin_57038822/article/details/123661469?ops_request_misc=%257B%2522request%255Fid%2522%253A%2522166918402916782429786863%2522%252C%2522scm%2522%253A%252220140713.130102334..%2522%257D&request_id=166918402916782429786863&biz_id=0&utm_medium=distribute.pc_search_result.none-task-blog-2~all~top_positive~default-4-123661469-null-null.142^v66^control,201^v3^control_2,213^v2^t3_control1&utm_term=python"
python表白玫瑰花绘制――情人节表白,"https://blog.csdn.net/weixin_44044161/article/details/117338282?ops_request_misc=%257B%2522request%255Fid%2522%253A%2522166918402916782429786863%2522%252C%2522scm%2522%253A%252220140713.130102334..%2522%257D&request_id=166918402916782429786863&biz_id=0&utm_medium=distribute.pc_search_result.none-task-blog-2~all~top_positive~default-5-117338282-null-null.142^v66^control,201^v3^control_2,213^v2^t3_control1&utm_term=python"
Python 基础（一）：入门必备知识,"https://blog.csdn.net/ityard/article/details/102807071?ops_request_misc=%257B%2522request%255Fid%2522%253A%2522166918402916782429786863%2522%252C%2522scm%2522%253A%252220140713.130102334..%2522%257D&request_id=166918402916782429786863&biz_id=0&utm_medium=distribute.pc_search_result.none-task-blog-2~all~top_positive~default-6-102807071-null-null.142^v66^control,201^v3^control_2,213^v2^t3_control1&utm_term=python"
Python基础教程，Python入门教程（非常详细）,"https://blog.csdn.net/qq_25729265/article/details/123367571?ops_request_misc=%257B%2522request%255Fid%2522%253A%2522166918402916782429786863%2522%252C%2522scm%2522%253A%252220140713.130102334..%2522%257D&request_id=166918402916782429786863&biz_id=0&utm_medium=distribute.pc_search_result.none-task-blog-2~all~top_click~default-7-123367571-null-null.142^v66^control,201^v3^control_2,213^v2^t3_control1&utm_term=python"
python3.8安装包,"https://download.csdn.net/download/a876106354/19564705?ops_request_misc=%257B%2522request%255Fid%2522%253A%2522166918402916782429786863%2522%252C%2522scm%2522%253A%252220140713.130102334..%2522%257D&request_id=166918402916782429786863&biz_id=1&utm_medium=distribute.pc_search_result.none-task-download-2~all~top_click~default-8-19564705-null-null.142^v66^control,201^v3^control_2,213^v2^t3_control1&utm_term=python"
《Python 快速入门》C站最全Python标准库总结,"https://blog.csdn.net/weixin_39032019/article/details/118190807?ops_request_misc=%257B%2522request%255Fid%2522%253A%2522166918403016782395380299%2522%252C%2522scm%2522%253A%252220140713.130102334.pc%255Fblog.%2522%257D&request_id=166918403016782395380299&biz_id=0&utm_medium=distribute.pc_search_result.none-task-blog-2~blog~first_rank_ecpm_v1~rank_v31_ecpm-9-118190807-null-null.142^v66^control,201^v3^control_2,213^v2^t3_control1&utm_term=python"
python,"https://blog.csdn.net/upydwqpaso/article/details/81778936?ops_request_misc=%257B%2522request%255Fid%2522%253A%2522166918403016782395380299%2522%252C%2522scm%2522%253A%252220140713.130102334.pc%255Fblog.%2522%257D&request_id=166918403016782395380299&biz_id=0&utm_medium=distribute.pc_search_result.none-task-blog-2~blog~first_rank_ecpm_v1~rank_v31_ecpm-10-81778936-null-null.142^v66^control,201^v3^control_2,213^v2^t3_control1&utm_term=python"
Python线程池,"https://blog.csdn.net/weixin_45642669/article/details/123413293?ops_request_misc=%257B%2522request%255Fid%2522%253A%2522166918403016782395380299%2522%252C%2522scm%2522%253A%252220140713.130102334.pc%255Fblog.%2522%257D&request_id=166918403016782395380299&biz_id=0&utm_medium=distribute.pc_search_result.none-task-blog-2~blog~first_rank_ecpm_v1~rank_v31_ecpm-11-123413293-null-null.142^v66^control,201^v3^control_2,213^v2^t3_control1&utm_term=python"
Python安装教程（新手）,"https://blog.csdn.net/qq_45502336/article/details/109531599?ops_request_misc=%257B%2522request%255Fid%2522%253A%2522166918403016782395380299%2522%252C%2522scm%2522%253A%252220140713.130102334.pc%255Fblog.%2522%257D&request_id=166918403016782395380299&biz_id=0&utm_medium=distribute.pc_search_result.none-task-blog-2~blog~first_rank_ecpm_v1~rank_v31_ecpm-12-109531599-null-null.142^v66^control,201^v3^control_2,213^v2^t3_control1&utm_term=python"
【python技能树】python简介,"https://blog.csdn.net/ywsydwsbn/article/details/124509707?ops_request_misc=%257B%2522request%255Fid%2522%253A%2522166918403016782395380299%2522%252C%2522scm%2522%253A%252220140713.130102334.pc%255Fblog.%2522%257D&request_id=166918403016782395380299&biz_id=0&utm_medium=distribute.pc_search_result.none-task-blog-2~blog~first_rank_ecpm_v1~rank_v31_ecpm-13-124509707-null-null.142^v66^control,201^v3^control_2,213^v2^t3_control1&utm_term=python"
python生成随机数,"https://blog.csdn.net/m0_53653974/article/details/125753330?ops_request_misc=%257B%2522request%255Fid%2522%253A%2522166918403016782395380299%2522%252C%2522scm%2522%253A%252220140713.130102334.pc%255Fblog.%2522%257D&request_id=166918403016782395380299&biz_id=0&utm_medium=distribute.pc_search_result.none-task-blog-2~blog~first_rank_ecpm_v1~rank_v31_ecpm-14-125753330-null-null.142^v66^control,201^v3^control_2,213^v2^t3_control1&utm_term=python"
python乘方,"https://blog.csdn.net/niu1024/article/details/105120295?ops_request_misc=%257B%2522request%255Fid%2522%253A%2522166918403016782395380299%2522%252C%2522scm%2522%253A%252220140713.130102334.pc%255Fblog.%2522%257D&request_id=166918403016782395380299&biz_id=0&utm_medium=distribute.pc_search_result.none-task-blog-2~blog~first_rank_ecpm_v1~rank_v31_ecpm-15-105120295-null-null.142^v66^control,201^v3^control_2,213^v2^t3_control1&utm_term=python"
python 安装tensorflow,"https://blog.csdn.net/monk96/article/details/123634327?ops_request_misc=%257B%2522request%255Fid%2522%253A%2522166918403016782395380299%2522%252C%2522scm%2522%253A%252220140713.130102334.pc%255Fblog.%2522%257D&request_id=166918403016782395380299&biz_id=0&utm_medium=distribute.pc_search_result.none-task-blog-2~blog~first_rank_ecpm_v1~rank_v31_ecpm-16-123634327-null-null.142^v66^control,201^v3^control_2,213^v2^t3_control1&utm_term=python"
Python环境搭建,"https://blog.csdn.net/weixin_63497480/article/details/123600033?ops_request_misc=%257B%2522request%255Fid%2522%253A%2522166918403016782395380299%2522%252C%2522scm%2522%253A%252220140713.130102334.pc%255Fblog.%2522%257D&request_id=166918403016782395380299&biz_id=0&utm_medium=distribute.pc_search_result.none-task-blog-2~blog~first_rank_ecpm_v1~rank_v31_ecpm-17-123600033-null-null.142^v66^control,201^v3^control_2,213^v2^t3_control1&utm_term=python"
python环境变量配置,"https://blog.csdn.net/weixin_46371752/article/details/124757123?ops_request_misc=%257B%2522request%255Fid%2522%253A%2522166918403016782395380299%2522%252C%2522scm%2522%253A%252220140713.130102334.pc%255Fblog.%2522%257D&request_id=166918403016782395380299&biz_id=0&utm_medium=distribute.pc_search_result.none-task-blog-2~blog~first_rank_ecpm_v1~rank_v31_ecpm-18-124757123-null-null.142^v66^control,201^v3^control_2,213^v2^t3_control1&utm_term=python"
Python列表相加,"https://blog.csdn.net/weixin_61262925/article/details/122115863?ops_request_misc=%257B%2522request%255Fid%2522%253A%2522166918403016782395380299%2522%252C%2522scm%2522%253A%252220140713.130102334.pc%255Fblog.%2522%257D&request_id=166918403016782395380299&biz_id=0&utm_medium=distribute.pc_search_result.none-task-blog-2~blog~first_rank_ecpm_v1~rank_v31_ecpm-19-122115863-null-null.142^v66^control,201^v3^control_2,213^v2^t3_control1&utm_term=python"
Python 整除,"https://blog.csdn.net/sxl_smile/article/details/100176519?ops_request_misc=%257B%2522request%255Fid%2522%253A%2522166918403016782395380299%2522%252C%2522scm%2522%253A%252220140713.130102334.pc%255Fblog.%2522%257D&request_id=166918403016782395380299&biz_id=0&utm_medium=distribute.pc_search_result.none-task-blog-2~blog~first_rank_ecpm_v1~rank_v31_ecpm-20-100176519-null-null.142^v66^control,201^v3^control_2,213^v2^t3_control1&utm_term=python"
python console,"https://blog.csdn.net/RickRules/article/details/113747327?ops_request_misc=%257B%2522request%255Fid%2522%253A%2522166918403016782395380299%2522%252C%2522scm%2522%253A%252220140713.130102334.pc%255Fblog.%2522%257D&request_id=166918403016782395380299&biz_id=0&utm_medium=distribute.pc_search_result.none-task-blog-2~blog~first_rank_ecpm_v1~rank_v31_ecpm-21-113747327-null-null.142^v66^control,201^v3^control_2,213^v2^t3_control1&utm_term=python"
pycharm配置python环境,"https://blog.csdn.net/z2768557792/article/details/125535186?ops_request_misc=%257B%2522request%255Fid%2522%253A%2522166918403016782395380299%2522%252C%2522scm%2522%253A%252220140713.130102334.pc%255Fblog.%2522%257D&request_id=166918403016782395380299&biz_id=0&utm_medium=distribute.pc_search_result.none-task-blog-2~blog~first_rank_ecpm_v1~rank_v31_ecpm-22-125535186-null-null.142^v66^control,201^v3^control_2,213^v2^t3_control1&utm_term=python"
Python版本的查看,"https://blog.csdn.net/qq_51943014/article/details/125392915?ops_request_misc=%257B%2522request%255Fid%2522%253A%2522166918403016782395380299%2522%252C%2522scm%2522%253A%252220140713.130102334.pc%255Fblog.%2522%257D&request_id=166918403016782395380299&biz_id=0&utm_medium=distribute.pc_search_result.none-task-blog-2~blog~first_rank_ecpm_v1~rank_v31_ecpm-23-125392915-null-null.142^v66^control,201^v3^control_2,213^v2^t3_control1&utm_term=python"
Python 敏感词替换,"https://blog.csdn.net/weixin_54560505/article/details/118946808?ops_request_misc=%257B%2522request%255Fid%2522%253A%2522166918403016782395380299%2522%252C%2522scm%2522%253A%252220140713.130102334.pc%255Fblog.%2522%257D&request_id=166918403016782395380299&biz_id=0&utm_medium=distribute.pc_search_result.none-task-blog-2~blog~first_rank_ecpm_v1~rank_v31_ecpm-24-118946808-null-null.142^v66^control,201^v3^control_2,213^v2^t3_control1&utm_term=python"
30个在线Python自学网站，再也不用到处找资料了,"https://blog.csdn.net/m0_69951489/article/details/124814053?ops_request_misc=%257B%2522request%255Fid%2522%253A%2522166918403016782395380299%2522%252C%2522scm%2522%253A%252220140713.130102334.pc%255Fblog.%2522%257D&request_id=166918403016782395380299&biz_id=0&utm_medium=distribute.pc_search_result.none-task-blog-2~blog~first_rank_ecpm_v1~rank_v31_ecpm-25-124814053-null-null.142^v66^control,201^v3^control_2,213^v2^t3_control1&utm_term=python"
关于 python 的缩进,"https://blog.csdn.net/wosind/article/details/100012180?ops_request_misc=%257B%2522request%255Fid%2522%253A%2522166918403016782395380299%2522%252C%2522scm%2522%253A%252220140713.130102334.pc%255Fblog.%2522%257D&request_id=166918403016782395380299&biz_id=0&utm_medium=distribute.pc_search_result.none-task-blog-2~blog~first_rank_ecpm_v1~rank_v31_ecpm-26-100012180-null-null.142^v66^control,201^v3^control_2,213^v2^t3_control1&utm_term=python"
Python安装教程：,"https://blog.csdn.net/weixin_44985115/article/details/114634521?ops_request_misc=%257B%2522request%255Fid%2522%253A%2522166918403016782395380299%2522%252C%2522scm%2522%253A%252220140713.130102334.pc%255Fblog.%2522%257D&request_id=166918403016782395380299&biz_id=0&utm_medium=distribute.pc_search_result.none-task-blog-2~blog~first_rank_ecpm_v1~rank_v31_ecpm-27-114634521-null-null.142^v66^control,201^v3^control_2,213^v2^t3_control1&utm_term=python"
Anaconda版本与Python版本对应关系,"https://blog.csdn.net/qq_52361699/article/details/123274200?ops_request_misc=%257B%2522request%255Fid%2522%253A%2522166918403016782395380299%2522%252C%2522scm%2522%253A%252220140713.130102334.pc%255Fblog.%2522%257D&request_id=166918403016782395380299&biz_id=0&utm_medium=distribute.pc_search_result.none-task-blog-2~blog~first_rank_ecpm_v1~rank_v31_ecpm-28-123274200-null-null.142^v66^control,201^v3^control_2,213^v2^t3_control1&utm_term=python"
查找python安装路径,"https://blog.csdn.net/weixin_60101333/article/details/123838379?ops_request_misc=%257B%2522request%255Fid%2522%253A%2522166918403016782395380299%2522%252C%2522scm%2522%253A%252220140713.130102334.pc%255Fblog.%2522%257D&request_id=166918403016782395380299&biz_id=0&utm_medium=distribute.pc_search_result.none-task-blog-2~blog~first_rank_ecpm_v1~rank_v31_ecpm-29-123838379-null-null.142^v66^control,201^v3^control_2,213^v2^t3_control1&utm_term=python"
python 判断闰年,"https://blog.csdn.net/An_0330/article/details/115380162?ops_request_misc=%257B%2522request%255Fid%2522%253A%2522166918403016782395380299%2522%252C%2522scm%2522%253A%252220140713.130102334.pc%255Fblog.%2522%257D&request_id=166918403016782395380299&biz_id=0&utm_medium=distribute.pc_search_result.none-task-blog-2~blog~first_rank_ecpm_v1~rank_v31_ecpm-30-115380162-null-null.142^v66^control,201^v3^control_2,213^v2^t3_control1&utm_term=python"
