name,imgall,linkall,price,introduce
呛口小辣椒&W236,http://www.go2.cn//go2.i.ximgs.net/5/80605/20200613/20200613018718060_450.jpg,http://www.go2.cn/product/okiaeqc.html?form=Search,140,"[<Selector xpath='.//div[@class=""cont-wrap""]/div[@class=""pro-info app-text-nowrap""]/text()' data='秋季必火单鞋   早上早做数据   16号出大货'>]"
独品J&3882,http://www.go2.cn//go2.i.ximgs.net/8/469988/20200714/20200714472553044_450.jpg,http://www.go2.cn/product/qmmsqkg.html?form=Search,165,"[<Selector xpath='.//div[@class=""cont-wrap""]/div[@class=""pro-info app-text-nowrap""]/text()' data='2020年新款舒适内增高深口单鞋 时尚 百搭'>]"
红丽多&180,http://www.go2.cn//go2.i.ximgs.net/7/12687/20200615/20200615314819067_450.jpg,http://www.go2.cn/product/okiemic.html?form=Search,115,"[<Selector xpath='.//div[@class=""cont-wrap""]/div[@class=""pro-info app-text-nowrap""]/text()' data='欧美 单鞋'>]"
朵丽&266-1,http://www.go2.cn//go2.i.ximgs.net/7/9247/20200703/20200703140744885202007031407448858_450.jpg,http://www.go2.cn/product/okkgcqo.html?form=Search,140,"[<Selector xpath='.//div[@class=""cont-wrap""]/div[@class=""pro-info app-text-nowrap""]/text()' data='2020秋季新款真皮时尚简约中粗跟跑量玛丽珍单鞋'>]"
时尚路&S59-21,http://www.go2.cn//go2.i.ximgs.net/3/37913/20200714/20200714858246045_450.jpg,http://www.go2.cn/product/qmmsome.html?form=Search,145,"[<Selector xpath='.//div[@class=""cont-wrap""]/div[@class=""pro-info app-text-nowrap""]/text()' data='2020秋季新款牛漆皮浅口单鞋'>]"
漂亮公主&A8850,http://www.go2.cn//go2.i.ximgs.net/3/175093/20200625/202006251609461192020062516094611911_450.jpg,http://www.go2.cn/product/oksakkk.html?form=Search,155,"[<Selector xpath='.//div[@class=""cont-wrap""]/div[@class=""pro-info app-text-nowrap""]/text()' data='2020秋冬新品高跟鞋尖头细跟性感百搭银色枚红色漆皮软皮女鞋办公室单鞋'>]"
岷欣&1206,http://www.go2.cn//go2.i.ximgs.net/3/526243/20210104/20210104106721047_450.jpg,http://www.go2.cn/product/oksmoqm.html?form=Search,155,"[<Selector xpath='.//div[@class=""cont-wrap""]/div[@class=""pro-info app-text-nowrap""]/text()' data='现货上新！中口单鞋新品'>]"
喵小姐&ZP99-7,http://www.go2.cn//go2.i.ximgs.net/5/401245/20200626/20200626175027352202006261750273520_450.jpg,http://www.go2.cn/product/okscsac.html?form=Search,138,"[<Selector xpath='.//div[@class=""cont-wrap""]/div[@class=""pro-info app-text-nowrap""]/text()' data='方头拼色单鞋 平底平跟单鞋 仙女风单鞋 一脚蹬 工作鞋'>]"
弘源&H2174,http://www.go2.cn//go2.i.ximgs.net/3/113413/20200707/20200707582325021_450.jpg,http://www.go2.cn/product/okkkgim.html?form=Search,155,"[<Selector xpath='.//div[@class=""cont-wrap""]/div[@class=""pro-info app-text-nowrap""]/text()' data='简约百搭单鞋'>]"
睿妮思&2016-1,http://www.go2.cn//go2.i.ximgs.net/2/13622/20200624/20200624914973001_450.jpg,http://www.go2.cn/product/okieskg.html?form=Search,155,"[<Selector xpath='.//div[@class=""cont-wrap""]/div[@class=""pro-info app-text-nowrap""]/text()' data='欧美新款尖头粗跟性感高跟浅口单鞋'>]"
奇盛&A59,http://www.go2.cn//go2.i.ximgs.net/1/117021/20200616/20200616566254052_450.jpg,http://www.go2.cn/product/okiiqsq.html?form=Search,158,"[<Selector xpath='.//div[@class=""cont-wrap""]/div[@class=""pro-info app-text-nowrap""]/text()' data='欧美气质单鞋女2020秋季新款蝴蝶结高跟单鞋女牛皮'>]"
子然&2069,http://www.go2.cn//go2.i.ximgs.net/7/390627/20200619/20200619073933039_450.jpg,http://www.go2.cn/product/okikqii.html?form=Search,149,"[<Selector xpath='.//div[@class=""cont-wrap""]/div[@class=""pro-info app-text-nowrap""]/text()' data='玛丽珍 里全全皮 羊皮鞋垫 新款 娃娃头小圆头小皮鞋洛丽塔'>]"
时尚路&S156-2,http://www.go2.cn//go2.i.ximgs.net/3/37913/20200708/20200708995912047_450.jpg,http://www.go2.cn/product/qmmoqoe.html?form=Search,160,"[<Selector xpath='.//div[@class=""cont-wrap""]/div[@class=""pro-info app-text-nowrap""]/text()' data='2020秋季新款牛皮深口单鞋'>]"
熙媚尔&A1977,http://www.go2.cn//go2.i.ximgs.net/0/31190/20200628/20200628209259008_450.jpg,http://www.go2.cn/product/oksiieg.html?form=Search,148,"[<Selector xpath='.//div[@class=""cont-wrap""]/div[@class=""pro-info app-text-nowrap""]/text()' data='2020 新款头层牛皮，猪皮鞋垫尺码32-48，现货，主推优惠一步到位，欧...'>]"
BIGTREE大树鞋业&1829-3,http://www.go2.cn//go2.i.ximgs.net/6/380746/20200630/20200630145205125202006301452051258_450.jpg,http://www.go2.cn/product/okkmmgo.html?form=Search,60,"[<Selector xpath='.//div[@class=""cont-wrap""]/div[@class=""pro-info app-text-nowrap""]/text()' data='欧美时尚性感夜店显瘦高跟鞋女鞋细跟高跟浅口尖头铆钉单鞋'>]"
蓉欣鞋业&R3016,http://www.go2.cn//go2.i.ximgs.net/5/85525/20200510/20200510085559951202005100855599510_450.jpg,http://www.go2.cn/product/okaomsq.html?form=Search,158,"[<Selector xpath='.//div[@class=""cont-wrap""]/div[@class=""pro-info app-text-nowrap""]/text()' data='现货！编织牛皮厚底网纱乐福鞋'>]"
睿妮思&1983,http://www.go2.cn//go2.i.ximgs.net/2/13622/20200624/20200624755259001_450.png,http://www.go2.cn/product/oksqaqa.html?form=Search,210,"[<Selector xpath='.//div[@class=""cont-wrap""]/div[@class=""pro-info app-text-nowrap""]/text()' data='欧美新款全真皮粗跟圆头厚防水台深口鞋超高跟系带单鞋'>]"
毅然&A980,http://www.go2.cn//go2.i.ximgs.net/1/101381/20200603/20200603586239076_450.jpg,http://www.go2.cn/product/okeeqao.html?form=Search,148,"[<Selector xpath='.//div[@class=""cont-wrap""]/div[@class=""pro-info app-text-nowrap""]/text()' data='2020网红爆款，大货已出。。粗跟圆头单鞋'>]"
美蒂&3003,http://www.go2.cn//go2.i.ximgs.net/3/118903/20200623/20200623437339065_450.jpg,http://www.go2.cn/product/oksggim.html?form=Search,149,"[<Selector xpath='.//div[@class=""cont-wrap""]/div[@class=""pro-info app-text-nowrap""]/text()' data='内外真皮！ 2020新款同款爱心装饰真皮拼色小皮鞋真皮单鞋圆头低帮鞋'>]"
瑾&297-2,http://www.go2.cn//go2.i.ximgs.net/9/47869/20200714/202007141359545402020071413595454010_450.png,http://www.go2.cn/product/qmmcmea.html?form=Search,148,"[<Selector xpath='.//div[@class=""cont-wrap""]/div[@class=""pro-info app-text-nowrap""]/text()' data='方头文艺单鞋 内外全皮'>]"
喵小姐&zp1995-1,http://www.go2.cn//go2.i.ximgs.net/5/401245/20200626/20200626182622758202006261826227586_450.jpg,http://www.go2.cn/product/oksckoq.html?form=Search,128,"[<Selector xpath='.//div[@class=""cont-wrap""]/div[@class=""pro-info app-text-nowrap""]/text()' data='尖头单鞋 工作鞋 粗跟单鞋'>]"
弘源&H2179,http://www.go2.cn//go2.i.ximgs.net/3/113413/20200707/20200707395237020_450.jpg,http://www.go2.cn/product/okkkgee.html?form=Search,155,"[<Selector xpath='.//div[@class=""cont-wrap""]/div[@class=""pro-info app-text-nowrap""]/text()' data='简约百搭单鞋'>]"
BIGTREE大树鞋业&627-3,http://www.go2.cn//go2.i.ximgs.net/6/380746/20200713/202007131254408462020071312544084612_450.jpg,http://www.go2.cn/product/qmmeskq.html?form=Search,55,"[<Selector xpath='.//div[@class=""cont-wrap""]/div[@class=""pro-info app-text-nowrap""]/text()' data='欧美时尚简约亮面漆皮浅口尖头细跟高跟性感显瘦高跟鞋单鞋'>]"
彩尊&13-27,http://www.go2.cn//go2.i.ximgs.net/6/65966/20200426/20200426377128076_450.jpg,http://www.go2.cn/product/okqgscm.html?form=Search,148,"[<Selector xpath='.//div[@class=""cont-wrap""]/div[@class=""pro-info app-text-nowrap""]/text()' data='真皮单鞋女'>]"
奇盛&A513,http://www.go2.cn//go2.i.ximgs.net/1/117021/20200616/20200616392697050_450.jpg,http://www.go2.cn/product/okiiqsc.html?form=Search,160,"[<Selector xpath='.//div[@class=""cont-wrap""]/div[@class=""pro-info app-text-nowrap""]/text()' data='欧美时尚坡跟单鞋202020秋季新款牛皮单鞋坡跟高跟鞋'>]"
天宝丽人&C200,http://www.go2.cn//go2.i.ximgs.net/9/36039/20200713/20200713178957067_450.jpg,http://www.go2.cn/product/qmmekce.html?form=Search,125,"[<Selector xpath='.//div[@class=""cont-wrap""]/div[@class=""pro-info app-text-nowrap""]/text()' data='简约百搭单鞋'>]"
金雨鞋业&271,http://www.go2.cn//go2.i.ximgs.net/3/45223/20200701/20200701585549004_450.jpg,http://www.go2.cn/product/okkoaqi.html?form=Search,148,"[<Selector xpath='.//div[@class=""cont-wrap""]/div[@class=""pro-info app-text-nowrap""]/text()' data='里外全皮单鞋'>]"
金麒瑞&818-4A,http://www.go2.cn//go2.i.ximgs.net/0/390360/20200702/20200702306845006_450.jpg,http://www.go2.cn/product/okkoska.html?form=Search,180,"[<Selector xpath='.//div[@class=""cont-wrap""]/div[@class=""pro-info app-text-nowrap""]/text()' data='大量现货 2020秋季新款窝窝鞋防水台超高跟深口单鞋  欧美'>]"
熙媚尔&AK1955,http://www.go2.cn//go2.i.ximgs.net/0/31190/20200626/20200626275870001_450.jpg,http://www.go2.cn/product/oksemqs.html?form=Search,148,"[<Selector xpath='.//div[@class=""cont-wrap""]/div[@class=""pro-info app-text-nowrap""]/text()' data='2020新款头层珠光漆皮，羊皮鞋垫。尖头细跟浅口铆钉单鞋，主推优惠'>]"
蒲公英&H168,http://www.go2.cn//go2.i.ximgs.net/5/74845/20200629/20200629855847065_450.jpg,http://www.go2.cn/product/okskags.html?form=Search,58,"[<Selector xpath='.//div[@class=""cont-wrap""]/div[@class=""pro-info app-text-nowrap""]/text()' data='2020新款韩版甜美淑女蝴蝶结粗跟中跟单鞋洛丽塔宴会鞋女'>]"
美蒂&3007,http://www.go2.cn//go2.i.ximgs.net/3/118903/20200626/20200626718919037_450.jpg,http://www.go2.cn/product/okscggi.html?form=Search,149,"[<Selector xpath='.//div[@class=""cont-wrap""]/div[@class=""pro-info app-text-nowrap""]/text()' data='欧美爆款真皮小皮鞋女  2020新款英伦风同款 方头粗跟中跟系带深口单鞋女'>]"
芭莎菲尔&L265,http://www.go2.cn//go2.i.ximgs.net/1/182311/20200609/20200609410241044_450.jpg,http://www.go2.cn/product/okimkac.html?form=Search,155,"[<Selector xpath='.//div[@class=""cont-wrap""]/div[@class=""pro-info app-text-nowrap""]/text()' data='新款真皮单鞋平底低跟大码懒人休闲鞋'>]"
奇盛&A510,http://www.go2.cn//go2.i.ximgs.net/1/117021/20200616/20200616441858052_450.jpg,http://www.go2.cn/product/okiiqsg.html?form=Search,158,"[<Selector xpath='.//div[@class=""cont-wrap""]/div[@class=""pro-info app-text-nowrap""]/text()' data='高跟单鞋2020秋季新款真皮牛皮高跟单鞋女方扣欧美时尚低帮尖头鞋'>]"
迷恋&X271,http://www.go2.cn//go2.i.ximgs.net/0/594610/20200624/20200624406182063_450.jpg,http://www.go2.cn/product/oksgssc.html?form=Search,135,"[<Selector xpath='.//div[@class=""cont-wrap""]/div[@class=""pro-info app-text-nowrap""]/text()' data='2020秋季新款 百搭 时尚 单鞋'>]"
东之美&9-009,http://www.go2.cn//go2.i.ximgs.net/8/133268/20200705/20200705974365007_450.jpg,http://www.go2.cn/product/okkcico.html?form=Search,120,"[<Selector xpath='.//div[@class=""cont-wrap""]/div[@class=""pro-info app-text-nowrap""]/text()' data='气质百搭款 坡跟单鞋工作鞋'>]"
彩尊&13-26,http://www.go2.cn//go2.i.ximgs.net/6/65966/20200425/20200425911186046_450.jpg,http://www.go2.cn/product/okqqoao.html?form=Search,148,"[<Selector xpath='.//div[@class=""cont-wrap""]/div[@class=""pro-info app-text-nowrap""]/text()' data='时尚真皮单鞋女'>]"
瑾&D332-1,http://www.go2.cn//go2.i.ximgs.net/9/47869/20200628/20200628629184014_450.jpg,http://www.go2.cn/product/okssgqi.html?form=Search,158,"[<Selector xpath='.//div[@class=""cont-wrap""]/div[@class=""pro-info app-text-nowrap""]/text()' data='尖头高跟单鞋 简约百搭款 内外全皮'>]"
朵丽&101-6,http://www.go2.cn//go2.i.ximgs.net/7/9247/20200718/20200718095311608202007180953116089_450.jpg,http://www.go2.cn/product/qmmcask.html?form=Search,140,"[<Selector xpath='.//div[@class=""cont-wrap""]/div[@class=""pro-info app-text-nowrap""]/text()' data='2020秋季新款中低跟真皮蝴蝶结单鞋四季鞋大小码粗跟定做'>]"
朵诗&A19,http://www.go2.cn//go2.i.ximgs.net/0/17690/20200715/20200715091056173202007150910561732_450.jpg,http://www.go2.cn/product/qmmkoim.html?form=Search,168,"[<Selector xpath='.//div[@class=""cont-wrap""]/div[@class=""pro-info app-text-nowrap""]/text()' data='欧美真皮高跟鞋深口尖头单鞋女'>]"
大洋&DY8212,http://www.go2.cn//go2.i.ximgs.net/7/34247/20200709/20200709157338061_450.jpg,http://www.go2.cn/product/qmmocqk.html?form=Search,155,"[<Selector xpath='.//div[@class=""cont-wrap""]/div[@class=""pro-info app-text-nowrap""]/text()' data='韩版 单鞋'>]"
真真&Z237,http://www.go2.cn//go2.i.ximgs.net/9/63599/20200618/20200618244491078_450.jpg,http://www.go2.cn/product/okisiiq.html?form=Search,150,"[<Selector xpath='.//div[@class=""cont-wrap""]/div[@class=""pro-info app-text-nowrap""]/text()' data=' 蝴蝶结单鞋，现货'>]"
阿彪鞋业&K719-1,http://www.go2.cn//go2.i.ximgs.net/9/64109/20200425/20200425662669049_450.jpg,http://www.go2.cn/product/okqqsim.html?form=Search,110,"[<Selector xpath='.//div[@class=""cont-wrap""]/div[@class=""pro-info app-text-nowrap""]/text()' data='欧美 单鞋'>]"
艾咪吖&9525,http://www.go2.cn//go2.i.ximgs.net/0/45440/20200616/20200616778409021_450.jpg,http://www.go2.cn/product/okiegsq.html?form=Search,58,"[<Selector xpath='.//div[@class=""cont-wrap""]/div[@class=""pro-info app-text-nowrap""]/text()' data='新款单鞋 高点击高转化 上架即卖'>]"
朵诗&A17,http://www.go2.cn//go2.i.ximgs.net/0/17690/20200715/20200715273976053_450.jpg,http://www.go2.cn/product/qmmkoes.html?form=Search,168,"[<Selector xpath='.//div[@class=""cont-wrap""]/div[@class=""pro-info app-text-nowrap""]/text()' data='欧美真皮高跟鞋深口尖头单鞋女'>]"
惠好时尚&T-3,http://www.go2.cn//go2.i.ximgs.net/9/2389/20200511/20200511541986069_450.jpg,http://www.go2.cn/product/okaqoic.html?form=Search,65,"[<Selector xpath='.//div[@class=""cont-wrap""]/div[@class=""pro-info app-text-nowrap""]/text()' data='2020春秋新款女童鞋一字扣带水钻吊坠牛筋底软底格利特儿童休闲平底小单鞋闪...'>]"
岷欣&1072-1,http://www.go2.cn//go2.i.ximgs.net/3/526243/20200624/20200624041851049_450.jpg,http://www.go2.cn/product/oksaask.html?form=Search,145,"[<Selector xpath='.//div[@class=""cont-wrap""]/div[@class=""pro-info app-text-nowrap""]/text()' data='现货上新，套包单鞋，全真皮'>]"
艾丝丽鞋业&8776,http://www.go2.cn//go2.i.ximgs.net/2/262/20200617/20200617231854747202006172318547476_450.jpg,http://www.go2.cn/product/okiiicm.html?form=Search,65,"[<Selector xpath='.//div[@class=""cont-wrap""]/div[@class=""pro-info app-text-nowrap""]/text()' data='20202新款洛丽塔单鞋'>]"
蓉欣鞋业&3022,http://www.go2.cn//go2.i.ximgs.net/5/85525/20200615/20200615653345016_450.jpg,http://www.go2.cn/product/okiemoi.html?form=Search,158,"[<Selector xpath='.//div[@class=""cont-wrap""]/div[@class=""pro-info app-text-nowrap""]/text()' data='迟来的爱，3009升级版！挷带小菊花厚底乐福鞋'>]"
简悦足女鞋&5565-1,http://www.go2.cn//go2.i.ximgs.net/4/8364/20200507/20200507165748968202005071657489685_450.jpg,http://www.go2.cn/product/okgsgkm.html?form=Search,58,"[<Selector xpath='.//div[@class=""cont-wrap""]/div[@class=""pro-info app-text-nowrap""]/text()' data='叙旧文艺复古女鞋平底森女日系玛丽珍单鞋低帮圆头学院风皮鞋'>]"
朵诗&q16,http://www.go2.cn//go2.i.ximgs.net/0/17690/20200708/20200708420880053_450.jpg,http://www.go2.cn/product/okkkkqi.html?form=Search,168,"[<Selector xpath='.//div[@class=""cont-wrap""]/div[@class=""pro-info app-text-nowrap""]/text()' data='欧美真皮高跟鞋深口尖头单鞋女'>]"
彩尊&13-72,http://www.go2.cn//go2.i.ximgs.net/6/65966/20200520/20200520616040047_450.jpg,http://www.go2.cn/product/okcgmea.html?form=Search,148,"[<Selector xpath='.//div[@class=""cont-wrap""]/div[@class=""pro-info app-text-nowrap""]/text()' data='潮牌单鞋女2020春季新款真皮尖头粗跟百搭蝴蝶结浅口中跟单鞋'>]"
红旭&F6609,http://www.go2.cn//go2.i.ximgs.net/8/35618/20200709/20200709582608135_450.jpg,http://www.go2.cn/product/qmmoais.html?form=Search,168,"[<Selector xpath='.//div[@class=""cont-wrap""]/div[@class=""pro-info app-text-nowrap""]/text()' data='旅游休闲内增高小白鞋女10cm春秋新款单鞋舒适显瘦真皮女鞋防水台'>]"
王巢&8611,http://www.go2.cn//go2.i.ximgs.net/4/87724/20200712/20200712896697100_450.jpg,http://www.go2.cn/product/qmmeeqo.html?form=Search,150,"[<Selector xpath='.//div[@class=""cont-wrap""]/div[@class=""pro-info app-text-nowrap""]/text()' data='现货 里外全皮 敲软乐福鞋··'>]"
瑾&D297-1,http://www.go2.cn//go2.i.ximgs.net/9/47869/20200529/20200529337153036_450.jpg,http://www.go2.cn/product/okeqooc.html?form=Search,148,"[<Selector xpath='.//div[@class=""cont-wrap""]/div[@class=""pro-info app-text-nowrap""]/text()' data='文艺简约 中跟全皮单鞋 '>]"
一树家&D20-0066-1,http://www.go2.cn//go2.i.ximgs.net/3/624373/20200705/20200705091918377202007050919183770_450.jpg,http://www.go2.cn/product/okkccsa.html?form=Search,138,"[<Selector xpath='.//div[@class=""cont-wrap""]/div[@class=""pro-info app-text-nowrap""]/text()' data='圆扣小单鞋，数据好！'>]"
缪丑丑&C428,http://www.go2.cn//go2.i.ximgs.net/0/621760/20200624/20200624740015008_450.jpg,http://www.go2.cn/product/oksaiqq.html?form=Search,135,"[<Selector xpath='.//div[@class=""cont-wrap""]/div[@class=""pro-info app-text-nowrap""]/text()' data='2020秋季新款 法式优雅复古蝴蝶结单鞋 大货已出'>]"
美诗雅&8658,http://www.go2.cn//go2.i.ximgs.net/6/23186/20200621/20200621606317048_450.jpg,http://www.go2.cn/product/oksoqio.html?form=Search,130,"[<Selector xpath='.//div[@class=""cont-wrap""]/div[@class=""pro-info app-text-nowrap""]/text()' data='2020 耙耙鞋 软底 乐福鞋 平跟平底 超级爆款，欢迎主推'>]"
夏定定&D-1016,http://www.go2.cn//go2.i.ximgs.net/1/170471/20200614/20200614170000177202006141700001779_450.jpg,http://www.go2.cn/product/okicoqo.html?form=Search,150,"[<Selector xpath='.//div[@class=""cont-wrap""]/div[@class=""pro-info app-text-nowrap""]/text()' data='巨软！现货，里外全皮，羊皮鞋垫，方头乐福鞋'>]"
王巢&M8265,http://www.go2.cn//go2.i.ximgs.net/4/87724/20200708/20200708741352132_450.jpg,http://www.go2.cn/product/qmmocoq.html?form=Search,145,"[<Selector xpath='.//div[@class=""cont-wrap""]/div[@class=""pro-info app-text-nowrap""]/text()' data='现货 敲软玛丽珍  珍珠单鞋  自主设计 里外全皮'>]"
夏定定&D-1007,http://www.go2.cn//go2.i.ximgs.net/1/170471/20200602/20200602145000552202006021450005523_450.jpg,http://www.go2.cn/product/okecose.html?form=Search,165,"[<Selector xpath='.//div[@class=""cont-wrap""]/div[@class=""pro-info app-text-nowrap""]/text()' data='现货，葡萄妈爆款，里外全皮流苏乐福鞋'>]"
TheOne&T2076,http://www.go2.cn//go2.i.ximgs.net/5/42685/20200711/20200711165435684202007111654356847_450.jpg,http://www.go2.cn/product/qmmagiq.html?form=Search,148,"[<Selector xpath='.//div[@class=""cont-wrap""]/div[@class=""pro-info app-text-nowrap""]/text()' data='超爆奶油色鳄鱼纹乐福鞋～～'>]"
国腾&S-75,http://www.go2.cn//go2.i.ximgs.net/7/16777/20200509/20200509326461064_450.jpg,http://www.go2.cn/product/okamegi.html?form=Search,61,"[<Selector xpath='.//div[@class=""cont-wrap""]/div[@class=""pro-info app-text-nowrap""]/text()' data='新款单鞋30-43  大小码可以退换'>]"
小A&AD09,http://www.go2.cn//go2.i.ximgs.net/6/52326/20200706/20200706670876094_450.jpg,http://www.go2.cn/product/okksqke.html?form=Search,58,"[<Selector xpath='.//div[@class=""cont-wrap""]/div[@class=""pro-info app-text-nowrap""]/text()' data='小香风单鞋 '>]"
喜来登&299-3,http://www.go2.cn//go2.i.ximgs.net/7/2617/20200501/20200501843606031_450.jpg,http://www.go2.cn/product/okgomoi.html?form=Search,61,"[<Selector xpath='.//div[@class=""cont-wrap""]/div[@class=""pro-info app-text-nowrap""]/text()' data='洛丽塔粗跟单鞋，超纤里皮，32-43码，大小码可退换！'>]"
特兰帝斯&285,http://www.go2.cn//go2.i.ximgs.net/4/113934/20200608/20200608566832063_450.jpg,http://www.go2.cn/product/okekksq.html?form=Search,138,"[<Selector xpath='.//div[@class=""cont-wrap""]/div[@class=""pro-info app-text-nowrap""]/text()' data='通勤百搭单鞋 超软不打脚'>]"
休尚婉枫&T516,http://www.go2.cn//go2.i.ximgs.net/3/331473/20200707/20200707629554024_450.jpg,http://www.go2.cn/product/okkkgai.html?form=Search,80,"[<Selector xpath='.//div[@class=""cont-wrap""]/div[@class=""pro-info app-text-nowrap""]/text()' data='大小码不加价！不加价！2020 秋季新款 单鞋厚底一字扣带娃娃鞋洛丽塔动漫女鞋'>]"
缪丑丑&C144,http://www.go2.cn//go2.i.ximgs.net/0/621760/20200622/20200622792516007_450.jpg,http://www.go2.cn/product/oksqagi.html?form=Search,138,"[<Selector xpath='.//div[@class=""cont-wrap""]/div[@class=""pro-info app-text-nowrap""]/text()' data='爆款！低跟珍珠单鞋女 法式优雅 2020秋季新款'>]"
真真&Z239,http://www.go2.cn//go2.i.ximgs.net/9/63599/20200530/20200530450900061_450.jpg,http://www.go2.cn/product/okegoaq.html?form=Search,150,"[<Selector xpath='.//div[@class=""cont-wrap""]/div[@class=""pro-info app-text-nowrap""]/text()' data='欧美 单鞋'>]"
BOBO&3027,http://www.go2.cn//go2.i.ximgs.net/9/42349/20200701/20200701114979010_450.jpg,http://www.go2.cn/product/okkocgm.html?form=Search,168,"[<Selector xpath='.//div[@class=""cont-wrap""]/div[@class=""pro-info app-text-nowrap""]/text()' data='厚底松糕套脚真皮单鞋'>]"
欧漫俪&3206-1,http://www.go2.cn//go2.i.ximgs.net/0/37720/20200622/20200622357313116_450.jpg,http://www.go2.cn/product/oksqeci.html?form=Search,140,"[<Selector xpath='.//div[@class=""cont-wrap""]/div[@class=""pro-info app-text-nowrap""]/text()' data='爆款玛丽珍单鞋，现货'>]"
天宝丽人&200,http://www.go2.cn//go2.i.ximgs.net/9/36039/20200628/20200628695376001_450.jpg,http://www.go2.cn/product/okssqme.html?form=Search,125,"[<Selector xpath='.//div[@class=""cont-wrap""]/div[@class=""pro-info app-text-nowrap""]/text()' data='韩版 单鞋'>]"
粉墨&FM6619-1,http://www.go2.cn//go2.i.ximgs.net/2/61152/20200608/20200608122319800202006081223198001_450.jpg,http://www.go2.cn/product/okimmci.html?form=Search,158,"[<Selector xpath='.//div[@class=""cont-wrap""]/div[@class=""pro-info app-text-nowrap""]/text()' data='现货现货，上架就会卖的厚底玛丽珍单鞋！！！'>]"
艾家&AJ759,http://www.go2.cn//go2.i.ximgs.net/7/17467/20200619/20200619359222003_450.jpg,http://www.go2.cn/product/okiskcg.html?form=Search,145,"[<Selector xpath='.//div[@class=""cont-wrap""]/div[@class=""pro-info app-text-nowrap""]/text()' data='真皮单鞋 高跟粗跟 现货！现货专业匹酱'>]"
艾丝丽鞋业&8777,http://www.go2.cn//go2.i.ximgs.net/2/262/20200617/20200617102243015_450.jpg,http://www.go2.cn/product/okiiikg.html?form=Search,65,"[<Selector xpath='.//div[@class=""cont-wrap""]/div[@class=""pro-info app-text-nowrap""]/text()' data='2020新款洛丽塔单鞋'>]"
花漾&B7002,http://www.go2.cn//go2.i.ximgs.net/3/115083/20200607/20200607266986080_450.jpg,http://www.go2.cn/product/okekmeq.html?form=Search,138,"[<Selector xpath='.//div[@class=""cont-wrap""]/div[@class=""pro-info app-text-nowrap""]/text()' data='2020早秋奶奶单鞋'>]"
花漾&B7001,http://www.go2.cn//go2.i.ximgs.net/3/115083/20200614/20200614933806098_450.jpg,http://www.go2.cn/product/okiakma.html?form=Search,138,"[<Selector xpath='.//div[@class=""cont-wrap""]/div[@class=""pro-info app-text-nowrap""]/text()' data='2020早秋娃娃头单鞋'>]"
特兰帝斯&311,http://www.go2.cn//go2.i.ximgs.net/4/113934/20200601/20200601112038074_450.jpg,http://www.go2.cn/product/okeaaso.html?form=Search,145,"[<Selector xpath='.//div[@class=""cont-wrap""]/div[@class=""pro-info app-text-nowrap""]/text()' data='原版私模    网红单鞋'>]"
夏定定&D-755,http://www.go2.cn//go2.i.ximgs.net/1/170471/20200614/20200614155959239202006141559592395_450.jpg,http://www.go2.cn/product/okicmes.html?form=Search,145,"[<Selector xpath='.//div[@class=""cont-wrap""]/div[@class=""pro-info app-text-nowrap""]/text()' data='现货，里外全皮，羊皮鞋垫，玛丽珍平底单鞋'>]"
摩卡&285,http://www.go2.cn//go2.i.ximgs.net/2/565662/20200703/20200703850937011_450.jpg,http://www.go2.cn/product/okkgoko.html?form=Search,138,"[<Selector xpath='.//div[@class=""cont-wrap""]/div[@class=""pro-info app-text-nowrap""]/text()' data='超软单鞋   现货'>]"
美足缘真皮&829-1,http://www.go2.cn//go2.i.ximgs.net/9/25859/20200709/20200709685387061_450.jpg,http://www.go2.cn/product/qmmqaeo.html?form=Search,180,"[<Selector xpath='.//div[@class=""cont-wrap""]/div[@class=""pro-info app-text-nowrap""]/text()' data='韩版休闲单鞋'>]"
靓派&D01,http://www.go2.cn//go2.i.ximgs.net/1/539851/20200612/20200612083901096_450.jpg,http://www.go2.cn/product/okecgog.html?form=Search,155,"[<Selector xpath='.//div[@class=""cont-wrap""]/div[@class=""pro-info app-text-nowrap""]/text()' data='2020秋季新款粗跟单鞋欧美复古百搭舒适工作鞋'>]"
靓派&D16-1,http://www.go2.cn//go2.i.ximgs.net/1/539851/20200704/20200704429824068_450.jpg,http://www.go2.cn/product/okkasgk.html?form=Search,145,"[<Selector xpath='.//div[@class=""cont-wrap""]/div[@class=""pro-info app-text-nowrap""]/text()' data='2020年秋季新款单鞋粗跟欧美百搭复古真皮女鞋'>]"
缪丑丑&C79,http://www.go2.cn//go2.i.ximgs.net/0/621760/20200622/20200622915086008_450.jpg,http://www.go2.cn/product/oksqame.html?form=Search,150,"[<Selector xpath='.//div[@class=""cont-wrap""]/div[@class=""pro-info app-text-nowrap""]/text()' data='现货充足！法式复古女鞋 小香风铆钉低跟单鞋女'>]"
靓派&D11,http://www.go2.cn//go2.i.ximgs.net/1/539851/20200612/20200612673694068_450.jpg,http://www.go2.cn/product/okigcsm.html?form=Search,160,"[<Selector xpath='.//div[@class=""cont-wrap""]/div[@class=""pro-info app-text-nowrap""]/text()' data='2020秋季高跟单鞋粗跟防水台欧美复古真皮 女鞋'>]"
岷欣&1221,http://www.go2.cn//go2.i.ximgs.net/3/526243/20200627/20200627124832053_450.jpg,http://www.go2.cn/product/okseqei.html?form=Search,168,"[<Selector xpath='.//div[@class=""cont-wrap""]/div[@class=""pro-info app-text-nowrap""]/text()' data='现货现货现货，牛漆皮，系带深口单鞋'>]"
弘源&H2188,http://www.go2.cn//go2.i.ximgs.net/3/113413/20200704/20200704204006806202007042040068064_450.png,http://www.go2.cn/product/okkcgim.html?form=Search,165,"[<Selector xpath='.//div[@class=""cont-wrap""]/div[@class=""pro-info app-text-nowrap""]/text()' data='欧美 单鞋'>]"
雨田&106,http://www.go2.cn//go2.i.ximgs.net/5/107025/20200702/20200702151501426202007021515014266_450.jpg,http://www.go2.cn/product/okkqoki.html?form=Search,150,"[<Selector xpath='.//div[@class=""cont-wrap""]/div[@class=""pro-info app-text-nowrap""]/text()' data='浅口单鞋'>]"
岷欣&1213,http://www.go2.cn//go2.i.ximgs.net/3/526243/20211228/20211228040684027_450.jpg,http://www.go2.cn/product/oksisoq.html?form=Search,148,"[<Selector xpath='.//div[@class=""cont-wrap""]/div[@class=""pro-info app-text-nowrap""]/text()' data='现货上新！粗跟花皮单鞋'>]"
熙媚尔&A1988,http://www.go2.cn//go2.i.ximgs.net/0/31190/20200628/20200628721090007_450.jpg,http://www.go2.cn/product/oksiiig.html?form=Search,158,"[<Selector xpath='.//div[@class=""cont-wrap""]/div[@class=""pro-info app-text-nowrap""]/text()' data='2020 新款头层牛皮，尖头高跟，花边水钻，蝴蝶结，深口单鞋，时装鞋，猪皮...'>]"
靓派&D18,http://www.go2.cn//go2.i.ximgs.net/1/539851/20200621/20200621318029055_450.jpg,http://www.go2.cn/product/oksoica.html?form=Search,145,"[<Selector xpath='.//div[@class=""cont-wrap""]/div[@class=""pro-info app-text-nowrap""]/text()' data='2020年秋季 新款 粗跟 欧美 百搭复古真皮单鞋'>]"
靓派&D09,http://www.go2.cn//go2.i.ximgs.net/1/539851/20200612/20200612847429070_450.jpg,http://www.go2.cn/product/okigsai.html?form=Search,155,"[<Selector xpath='.//div[@class=""cont-wrap""]/div[@class=""pro-info app-text-nowrap""]/text()' data='2020秋季粗跟单鞋欧美复古风 时尚款 百搭'>]"
靓派&D12,http://www.go2.cn//go2.i.ximgs.net/1/539851/20200612/20200612441605070_450.jpg,http://www.go2.cn/product/okigcso.html?form=Search,160,"[<Selector xpath='.//div[@class=""cont-wrap""]/div[@class=""pro-info app-text-nowrap""]/text()' data='2020秋季新款高跟单鞋粗跟防水台欧美 复古真皮女鞋'>]"
美蒂&3006,http://www.go2.cn//go2.i.ximgs.net/3/118903/20200626/20200626532543072_450.jpg,http://www.go2.cn/product/okscggs.html?form=Search,155,"[<Selector xpath='.//div[@class=""cont-wrap""]/div[@class=""pro-info app-text-nowrap""]/text()' data='欧美时尚同款 2020春秋新款系带真皮粗跟深口单鞋女高跟尖头时尚铁头单鞋女'>]"
摩卡&311,http://www.go2.cn//go2.i.ximgs.net/2/565662/20200608/20200608388286015_450.jpg,http://www.go2.cn/product/okimiqg.html?form=Search,145,"[<Selector xpath='.//div[@class=""cont-wrap""]/div[@class=""pro-info app-text-nowrap""]/text()' data='经典复古风单鞋 软'>]"
美丽佳&A238,http://www.go2.cn//go2.i.ximgs.net/3/127953/20200606/20200606764422084_450.jpg,http://www.go2.cn/product/okesgok.html?form=Search,140,"[<Selector xpath='.//div[@class=""cont-wrap""]/div[@class=""pro-info app-text-nowrap""]/text()' data='里外全皮 常年不下架~基础款通勤名媛风单鞋！'>]"
麦田&M5212,http://www.go2.cn//go2.i.ximgs.net/3/400273/20200608/20200608886804074_450.jpg,http://www.go2.cn/product/okimoas.html?form=Search,138,"[<Selector xpath='.//div[@class=""cont-wrap""]/div[@class=""pro-info app-text-nowrap""]/text()' data='2020秋季新款 必火珍珠单鞋 赫本风 尖头小粗 红色婚鞋'>]"
醉美鞋业&YZ-88015,http://www.go2.cn//go2.i.ximgs.net/8/13818/20200425/20200425048593001_450.jpg,http://www.go2.cn/product/okqqige.html?form=Search,158,"[<Selector xpath='.//div[@class=""cont-wrap""]/div[@class=""pro-info app-text-nowrap""]/text()' data='镂空网纱厚底乐福鞋一脚蹬乐福鞋'>]"
北邪&903,http://www.go2.cn//go2.i.ximgs.net/5/523025/20200614/20200614210458852202006142104588525_450.jpg,http://www.go2.cn/product/okiaomk.html?form=Search,138,"[<Selector xpath='.//div[@class=""cont-wrap""]/div[@class=""pro-info app-text-nowrap""]/text()' data='复古玛丽珍单鞋  里外全皮   2020秋新款'>]"
艾家&AJ908,http://www.go2.cn//go2.i.ximgs.net/7/17467/20200525/20200525034105022_450.jpg,http://www.go2.cn/product/okciaoc.html?form=Search,130,"[<Selector xpath='.//div[@class=""cont-wrap""]/div[@class=""pro-info app-text-nowrap""]/text()' data='真皮单鞋 已备货 已测图 转化高 工厂直发 '>]"
牛X&X289,http://www.go2.cn//go2.i.ximgs.net/6/402966/20200702/20200702669719060_450.jpg,http://www.go2.cn/product/okkosqc.html?form=Search,148,"[<Selector xpath='.//div[@class=""cont-wrap""]/div[@class=""pro-info app-text-nowrap""]/text()' data='鞋底巨软  主推   单鞋拖鞋两穿  平跟 欧美 懒人鞋 '>]"
遇见&F202,http://www.go2.cn//go2.i.ximgs.net/1/603481/20200712/20200712548007067_450.jpg,http://www.go2.cn/product/qmmecqi.html?form=Search,145,"[<Selector xpath='.//div[@class=""cont-wrap""]/div[@class=""pro-info app-text-nowrap""]/text()' data='复古玛丽珍单鞋 舒适百搭'>]"
靓派&D10,http://www.go2.cn//go2.i.ximgs.net/1/539851/20200612/20200612268076067_450.jpg,http://www.go2.cn/product/okigcik.html?form=Search,155,"[<Selector xpath='.//div[@class=""cont-wrap""]/div[@class=""pro-info app-text-nowrap""]/text()' data='2020秋季粗跟欧美复古真皮 单鞋'>]"
美丽佳&A239,http://www.go2.cn//go2.i.ximgs.net/3/127953/20200618/20200618790566003_450.jpg,http://www.go2.cn/product/okisiqi.html?form=Search,140,"[<Selector xpath='.//div[@class=""cont-wrap""]/div[@class=""pro-info app-text-nowrap""]/text()' data='款已测 放心卖 ~~常年款  不下架 里外全皮复古单鞋'>]"
美丽佳&A235,http://www.go2.cn//go2.i.ximgs.net/3/127953/20200521/20200521865963082_450.jpg,http://www.go2.cn/product/okcaqck.html?form=Search,140,"[<Selector xpath='.//div[@class=""cont-wrap""]/div[@class=""pro-info app-text-nowrap""]/text()' data='常年基础款  两种跟高 永不下架  里外全皮粗跟尖头单鞋！'>]"
靓派&D14,http://www.go2.cn//go2.i.ximgs.net/1/539851/20200621/20200621096652064_450.jpg,http://www.go2.cn/product/oksoicq.html?form=Search,160,"[<Selector xpath='.//div[@class=""cont-wrap""]/div[@class=""pro-info app-text-nowrap""]/text()' data='2020年秋季新款 高跟 粗跟 防水台 欧美 复古 羊皮单鞋'>]"
艾家&AJ625-1,http://www.go2.cn//go2.i.ximgs.net/7/17467/20200611/20200611463607021_450.jpg,http://www.go2.cn/product/okiqeim.html?form=Search,135,"[<Selector xpath='.//div[@class=""cont-wrap""]/div[@class=""pro-info app-text-nowrap""]/text()' data='珍珠 单鞋 数据已测现货！现货！'>]"
艾薇琳&A159-13,http://www.go2.cn//go2.i.ximgs.net/6/131866/20200706/20200706514214044_450.jpg,http://www.go2.cn/product/okkicoo.html?form=Search,145,"[<Selector xpath='.//div[@class=""cont-wrap""]/div[@class=""pro-info app-text-nowrap""]/text()' data='简约百搭单鞋'>]"
喵小姐&zp1999,http://www.go2.cn//go2.i.ximgs.net/5/401245/20200625/202006252144571042020062521445710412_450.jpg,http://www.go2.cn/product/okscosa.html?form=Search,138,"[<Selector xpath='.//div[@class=""cont-wrap""]/div[@class=""pro-info app-text-nowrap""]/text()' data='平底单鞋 软底单鞋 软皮单鞋 网红单鞋 方头单鞋'>]"
美蒂&3011,http://www.go2.cn//go2.i.ximgs.net/3/118903/20200628/20200628547864072_450.jpg,http://www.go2.cn/product/oksikqg.html?form=Search,149,"[<Selector xpath='.//div[@class=""cont-wrap""]/div[@class=""pro-info app-text-nowrap""]/text()' data=' 内外真皮！ 同款方头高跟鞋女粗跟2020春季新款英伦风两穿真皮百搭浅口中...'>]"
醉美鞋业&T80-16,http://www.go2.cn//go2.i.ximgs.net/8/13818/20200501/20200501525846001_450.jpg,http://www.go2.cn/product/okgoosm.html?form=Search,158,"[<Selector xpath='.//div[@class=""cont-wrap""]/div[@class=""pro-info app-text-nowrap""]/text()' data='厚底 网纱 一脚蹬 水钻 绣花 真皮 乐福鞋 松糕'>]"
艾爱猫&1253,http://www.go2.cn//go2.i.ximgs.net/7/30027/20200613/20200613351083116_450.jpg,http://www.go2.cn/product/okiameg.html?form=Search,138,"[<Selector xpath='.//div[@class=""cont-wrap""]/div[@class=""pro-info app-text-nowrap""]/text()' data='新款 超软巨舒服百搭中口单鞋女'>]"
佳丽缘&2601,http://www.go2.cn//go2.i.ximgs.net/4/10944/20200614/20200614076482056_450.jpg,http://www.go2.cn/product/okicmmo.html?form=Search,138,"[<Selector xpath='.//div[@class=""cont-wrap""]/div[@class=""pro-info app-text-nowrap""]/text()' data=' 葡萄妈同款   2020年新款单鞋真皮粗跟奶奶鞋'>]"
香美妮&m11,http://www.go2.cn//go2.i.ximgs.net/6/539936/20200703/202007031037503552020070310375035510_450.jpg,http://www.go2.cn/product/oksqeqg.html?form=Search,145,"[<Selector xpath='.//div[@class=""cont-wrap""]/div[@class=""pro-info app-text-nowrap""]/text()' data='2020RV秋季新款方头方扣漆皮包跟单鞋女细跟高跟鞋漆面方扣牛筋防滑大底'>]"
蓝月光&10221-6,http://www.go2.cn//go2.i.ximgs.net/2/211272/20200615/20200615882477044_450.jpg,http://www.go2.cn/product/okieqci.html?form=Search,145,"[<Selector xpath='.//div[@class=""cont-wrap""]/div[@class=""pro-info app-text-nowrap""]/text()' data='休闲百搭单鞋'>]"
柯玛妮&271,http://www.go2.cn//go2.i.ximgs.net/5/59845/20200602/20200602603390071_450.jpg,http://www.go2.cn/product/okeasam.html?form=Search,148,"[<Selector xpath='.//div[@class=""cont-wrap""]/div[@class=""pro-info app-text-nowrap""]/text()' data='现货现货！新款玛丽珍鞋！'>]"
金女人&D58-244,http://www.go2.cn//go2.i.ximgs.net/0/78460/20200621/20200621943564056_450.jpg,http://www.go2.cn/product/oksmiee.html?form=Search,155,"[<Selector xpath='.//div[@class=""cont-wrap""]/div[@class=""pro-info app-text-nowrap""]/text()' data='2021春季新款乐福鞋三色入舒适平底软面好走路'>]"
花姐&H128-4,http://www.go2.cn//go2.i.ximgs.net/5/467735/20200705/20200705310613073_450.jpg,http://www.go2.cn/product/okkeggs.html?form=Search,128,"[<Selector xpath='.//div[@class=""cont-wrap""]/div[@class=""pro-info app-text-nowrap""]/text()' data='时尚百搭出行必备款2020新款真皮明星同款短靴网红款同款专柜真皮主推优惠更...'>]"
漂亮女孩&G22-3,http://www.go2.cn//go2.i.ximgs.net/5/25295/20200606/20200606210218023202006062102180238_450.png,http://www.go2.cn/product/okemooc.html?form=Search,138,"[<Selector xpath='.//div[@class=""cont-wrap""]/div[@class=""pro-info app-text-nowrap""]/text()' data='欧美 系带 单鞋'>]"
蓉欣鞋业&3018,http://www.go2.cn//go2.i.ximgs.net/5/85525/20200516/20200516073914677202005160739146771_450.jpg,http://www.go2.cn/product/okaiica.html?form=Search,158,"[<Selector xpath='.//div[@class=""cont-wrap""]/div[@class=""pro-info app-text-nowrap""]/text()' data='水钻厚底网纱乐福鞋'>]"
特兰帝斯&283,http://www.go2.cn//go2.i.ximgs.net/4/113934/20200626/20200626406400027_450.jpg,http://www.go2.cn/product/okscqaq.html?form=Search,128,"[<Selector xpath='.//div[@class=""cont-wrap""]/div[@class=""pro-info app-text-nowrap""]/text()' data='小清新单鞋  现货'>]"
弘源&H2193,http://www.go2.cn//go2.i.ximgs.net/3/113413/20200704/20200704021700022_450.jpg,http://www.go2.cn/product/okkcgio.html?form=Search,160,"[<Selector xpath='.//div[@class=""cont-wrap""]/div[@class=""pro-info app-text-nowrap""]/text()' data='欧美 单鞋'>]"
麦田&M5205,http://www.go2.cn//go2.i.ximgs.net/3/400273/20200623/20200623161655451202006231616554515_450.jpg,http://www.go2.cn/product/okiqkgi.html?form=Search,145,"[<Selector xpath='.//div[@class=""cont-wrap""]/div[@class=""pro-info app-text-nowrap""]/text()' data='经典款，牛漆皮单鞋，商场品质 长卖四季款 圆头单鞋'>]"
爱丫丫女鞋&023-7,http://www.go2.cn//go2.i.ximgs.net/9/32799/20200424/20200424258240053_450.jpg,http://www.go2.cn/product/okqosga.html?form=Search,68,"[<Selector xpath='.//div[@class=""cont-wrap""]/div[@class=""pro-info app-text-nowrap""]/text()' data='网纱刺绣凉单鞋女夏时尚百搭出行必备脚环绊带舒适高跟鞋，本款尺码32-48码'>]"
雨田&515,http://www.go2.cn//go2.i.ximgs.net/5/107025/20200713/20200713120305436202007131203054369_450.jpg,http://www.go2.cn/product/qmmesqc.html?form=Search,160,"[<Selector xpath='.//div[@class=""cont-wrap""]/div[@class=""pro-info app-text-nowrap""]/text()' data='欧美深口单鞋'>]"
忆江南&DS-86,http://www.go2.cn//go2.i.ximgs.net/3/54853/20200705/20200705846809028_450.jpg,http://www.go2.cn/product/okkesis.html?form=Search,173,"[<Selector xpath='.//div[@class=""cont-wrap""]/div[@class=""pro-info app-text-nowrap""]/text()' data='复古单鞋女2022新款粗跟高跟鞋方头女鞋'>]"
睿妮思&2016,http://www.go2.cn//go2.i.ximgs.net/2/13622/20200617/20200617059335104_450.jpg,http://www.go2.cn/product/okiesas.html?form=Search,165,"[<Selector xpath='.//div[@class=""cont-wrap""]/div[@class=""pro-info app-text-nowrap""]/text()' data='欧美新款尖头真皮粗跟浅口高跟单鞋'>]"
夏定定&D-1015,http://www.go2.cn//go2.i.ximgs.net/1/170471/20200611/20200611210540746202006112105407468_450.jpg,http://www.go2.cn/product/okigqoi.html?form=Search,140,"[<Selector xpath='.//div[@class=""cont-wrap""]/div[@class=""pro-info app-text-nowrap""]/text()' data='现货，里外全皮，羊皮鞋垫，简约通勤中粗跟单鞋'>]"
王巢&M8573,http://www.go2.cn//go2.i.ximgs.net/4/87724/20200708/20200708457132114_450.jpg,http://www.go2.cn/product/qmmoaki.html?form=Search,150,"[<Selector xpath='.//div[@class=""cont-wrap""]/div[@class=""pro-info app-text-nowrap""]/text()' data='现货 全软漆皮玛丽珍  不打脚  自主设计   里外全皮'>]"
熙媚尔&A1911,http://www.go2.cn//go2.i.ximgs.net/0/31190/20200605/20200605921351003_450.jpg,http://www.go2.cn/product/okesogg.html?form=Search,148,"[<Selector xpath='.//div[@class=""cont-wrap""]/div[@class=""pro-info app-text-nowrap""]/text()' data='2020秋冬新款，头层羊皮浅口尖头水钻跟 ，时装单鞋 尖头粗跟，主推优惠一步到位'>]"
艾家&AJ910,http://www.go2.cn//go2.i.ximgs.net/7/17467/20200618/20200618133618904202006181336189042_450.jpg,http://www.go2.cn/product/okiqioe.html?form=Search,139,"[<Selector xpath='.//div[@class=""cont-wrap""]/div[@class=""pro-info app-text-nowrap""]/text()' data='玛丽珍复古单鞋 拼色款式 只做真皮 专业匹酱'>]"
凯瑟琳&Y67-1,http://www.go2.cn//go2.i.ximgs.net/8/110578/20201229/20201229213654535202012292136545356_450.png,http://www.go2.cn/product/oksgmqk.html?form=Search,148,"[<Selector xpath='.//div[@class=""cont-wrap""]/div[@class=""pro-info app-text-nowrap""]/text()' data='时尚百搭款单鞋'>]"
简悦足女鞋&5565-2,http://www.go2.cn//go2.i.ximgs.net/4/8364/20200520/20200520160636388202005201606363882_450.jpg,http://www.go2.cn/product/okcqsea.html?form=Search,58,"[<Selector xpath='.//div[@class=""cont-wrap""]/div[@class=""pro-info app-text-nowrap""]/text()' data='叙旧文艺复古女鞋平底森女日系玛丽珍单鞋低帮圆头学院风皮鞋'>]"
青青家&J-2006,http://www.go2.cn//go2.i.ximgs.net/6/53306/20200612/20200612134020077202006121340200771_450.jpg,http://www.go2.cn/product/okigcas.html?form=Search,155,"[<Selector xpath='.//div[@class=""cont-wrap""]/div[@class=""pro-info app-text-nowrap""]/text()' data='现货，里外全皮，SW厚底乐福鞋'>]"
花姐&H128-1,http://www.go2.cn//go2.i.ximgs.net/5/467735/20200617/20200617926398022_450.jpg,http://www.go2.cn/product/okiicco.html?form=Search,128,"[<Selector xpath='.//div[@class=""cont-wrap""]/div[@class=""pro-info app-text-nowrap""]/text()' data='全真皮里面全皮小香风单鞋拼色明星同款方头网红款专柜品质同款浅口工作鞋通勤风...'>]"
岷欣&1211,http://www.go2.cn//go2.i.ximgs.net/3/526243/20200713/20200713969385051_450.jpg,http://www.go2.cn/product/oksmoom.html?form=Search,148,"[<Selector xpath='.//div[@class=""cont-wrap""]/div[@class=""pro-info app-text-nowrap""]/text()' data='现货现货现货  新品单鞋'>]"
熙媚尔&AK199,http://www.go2.cn//go2.i.ximgs.net/0/31190/20200702/20200702436301046_450.jpg,http://www.go2.cn/product/okkqqmi.html?form=Search,148,"[<Selector xpath='.//div[@class=""cont-wrap""]/div[@class=""pro-info app-text-nowrap""]/text()' data='2020 新款头层牛皮，铆钉浅口单鞋，羊皮鞋垫尺码32-48，现货，主推优...'>]"
依一&YY705-1,http://www.go2.cn//go2.i.ximgs.net/5/486655/20200714/20200714819468028_450.jpg,http://www.go2.cn/product/qmmikcs.html?form=Search,128,"[<Selector xpath='.//div[@class=""cont-wrap""]/div[@class=""pro-info app-text-nowrap""]/text()' data=' 2022新款 粗跟小皮鞋 圆头乐福鞋经典百搭'>]"
靓派&D19,http://www.go2.cn//go2.i.ximgs.net/1/539851/20200621/20200621778420059_450.jpg,http://www.go2.cn/product/oksoicc.html?form=Search,160,"[<Selector xpath='.//div[@class=""cont-wrap""]/div[@class=""pro-info app-text-nowrap""]/text()' data='2020年秋季新款单鞋高跟粗跟防水台欧美复古百搭真皮女鞋'>]"
欧漫俪&3203-3,http://www.go2.cn//go2.i.ximgs.net/0/37720/20200705/20200705475040085_450.jpg,http://www.go2.cn/product/okkesem.html?form=Search,148,"[<Selector xpath='.//div[@class=""cont-wrap""]/div[@class=""pro-info app-text-nowrap""]/text()' data='在售新款玛丽珍单鞋，现货，放心推广'>]"
美蒂&3009,http://www.go2.cn//go2.i.ximgs.net/3/118903/20200623/20200623035693106_450.jpg,http://www.go2.cn/product/oksggkq.html?form=Search,149,"[<Selector xpath='.//div[@class=""cont-wrap""]/div[@class=""pro-info app-text-nowrap""]/text()' data='内外真皮！ 英伦风真皮小皮鞋女2020新款马衔扣真厚底双色可选，百搭阿希哥...'>]"
靓派&D15,http://www.go2.cn//go2.i.ximgs.net/1/539851/20200621/20200621375959056_450.jpg,http://www.go2.cn/product/oksoice.html?form=Search,155,"[<Selector xpath='.//div[@class=""cont-wrap""]/div[@class=""pro-info app-text-nowrap""]/text()' data='2020年秋季新款单鞋 粗跟 欧美 百搭 复古 真皮女鞋'>]"
约伯记&FM-K663,http://www.go2.cn//go2.i.ximgs.net/1/66171/20200423/20200423000257462202004230002574620_450.png,http://www.go2.cn/product/okosmka.html?form=Search,115,"[<Selector xpath='.//div[@class=""cont-wrap""]/div[@class=""pro-info app-text-nowrap""]/text()' data='现货 真皮平底女鞋休闲运动网鞋小白鞋板鞋单鞋'>]"
BOBO&7500A,http://www.go2.cn//go2.i.ximgs.net/9/42349/20200709/20200709478199101_450.jpg,http://www.go2.cn/product/qmmqeke.html?form=Search,158,"[<Selector xpath='.//div[@class=""cont-wrap""]/div[@class=""pro-info app-text-nowrap""]/text()' data='现货！厚底马毛圆点松糕乐福鞋'>]"
黑桃K&K196-5,http://www.go2.cn//go2.i.ximgs.net/1/471541/20200714/20200714690627022_450.jpg,http://www.go2.cn/product/qmmsmkm.html?form=Search,138,"[<Selector xpath='.//div[@class=""cont-wrap""]/div[@class=""pro-info app-text-nowrap""]/text()' data='玛丽珍复古单鞋现货'>]"
王巢&M8553,http://www.go2.cn//go2.i.ximgs.net/4/87724/20200629/20200629196131092_450.jpg,http://www.go2.cn/product/okssgke.html?form=Search,145,"[<Selector xpath='.//div[@class=""cont-wrap""]/div[@class=""pro-info app-text-nowrap""]/text()' data='现货 里外全皮  全软玛丽珍 '>]"
摩卡&290,http://www.go2.cn//go2.i.ximgs.net/2/565662/20200612/20200612782548004_450.jpg,http://www.go2.cn/product/okiggkm.html?form=Search,138,"[<Selector xpath='.//div[@class=""cont-wrap""]/div[@class=""pro-info app-text-nowrap""]/text()' data='简约百搭单鞋'>]"
金利达&506,http://www.go2.cn//go2.i.ximgs.net/2/201002/20200623/20200623132831007_450.jpg,http://www.go2.cn/product/oksgcco.html?form=Search,155,"[<Selector xpath='.//div[@class=""cont-wrap""]/div[@class=""pro-info app-text-nowrap""]/text()' data='新款深口单鞋2020春秋夹头高跟羊反皮水钻女鞋'>]"
金利达&502,http://www.go2.cn//go2.i.ximgs.net/2/201002/20200623/20200623670283009_450.jpg,http://www.go2.cn/product/oksgcaq.html?form=Search,155,"[<Selector xpath='.//div[@class=""cont-wrap""]/div[@class=""pro-info app-text-nowrap""]/text()' data='深口踝靴单鞋2020春秋新款尖头中跟单鞋'>]"
大眼睛&L4689,http://www.go2.cn//go2.i.ximgs.net/4/598154/20200609/20200609798433033_450.jpg,http://www.go2.cn/product/okioiok.html?form=Search,148,"[<Selector xpath='.//div[@class=""cont-wrap""]/div[@class=""pro-info app-text-nowrap""]/text()' data='2020秋季新款 百搭 时尚 单鞋 现货'>]"
夏定定&DW-1010,http://www.go2.cn//go2.i.ximgs.net/1/170471/20200614/20200614182141295202006141821412954_450.jpg,http://www.go2.cn/product/okicoks.html?form=Search,140,"[<Selector xpath='.//div[@class=""cont-wrap""]/div[@class=""pro-info app-text-nowrap""]/text()' data='巨软！现货，里外全皮，羊皮鞋垫，方头乐福鞋'>]"
韩元素&9-888,http://www.go2.cn//go2.i.ximgs.net/9/79209/20200628/20200628273567089_450.jpg,http://www.go2.cn/product/oksiccg.html?form=Search,125,"[<Selector xpath='.//div[@class=""cont-wrap""]/div[@class=""pro-info app-text-nowrap""]/text()' data='气质百搭款 坡跟单鞋工作鞋'>]"
王巢&M8539,http://www.go2.cn//go2.i.ximgs.net/4/87724/20200627/20200627962774058_450.jpg,http://www.go2.cn/product/oksigqk.html?form=Search,140,"[<Selector xpath='.//div[@class=""cont-wrap""]/div[@class=""pro-info app-text-nowrap""]/text()' data='现货 里外全皮 方头粗跟珍珠单鞋'>]"
香美妮&m10,http://www.go2.cn//go2.i.ximgs.net/6/539936/20200802/20200802183621751202008021836217513_450.jpg,http://www.go2.cn/product/oksmeoc.html?form=Search,145,"[<Selector xpath='.//div[@class=""cont-wrap""]/div[@class=""pro-info app-text-nowrap""]/text()' data='2020RV秋季新款方头方扣漆皮包跟单鞋女粗跟高跟鞋漆面方扣中跟工作鞋'>]"
黑桃K&K12-1,http://www.go2.cn//go2.i.ximgs.net/1/471541/20200714/20200714443407039_450.jpg,http://www.go2.cn/product/qmmsmko.html?form=Search,138,"[<Selector xpath='.//div[@class=""cont-wrap""]/div[@class=""pro-info app-text-nowrap""]/text()' data='珍珠单鞋 现货'>]"
华锐&A789,http://www.go2.cn//go2.i.ximgs.net/4/11004/20200622/20200622055628058_450.jpg,http://www.go2.cn/product/oksqmsm.html?form=Search,125,"[<Selector xpath='.//div[@class=""cont-wrap""]/div[@class=""pro-info app-text-nowrap""]/text()' data='新款通勤穆勒头层牛皮时尚休闲单鞋，柔软轻便走路不累脚'>]"
艾家&AJ755,http://www.go2.cn//go2.i.ximgs.net/7/17467/20200615/20200615841022008_450.jpg,http://www.go2.cn/product/okiccim.html?form=Search,139,"[<Selector xpath='.//div[@class=""cont-wrap""]/div[@class=""pro-info app-text-nowrap""]/text()' data='全皮单鞋 现货！ 现货！现货！'>]"
岷欣&1217,http://www.go2.cn//go2.i.ximgs.net/3/526243/20200627/20200627589790053_450.jpg,http://www.go2.cn/product/okseqec.html?form=Search,168,"[<Selector xpath='.//div[@class=""cont-wrap""]/div[@class=""pro-info app-text-nowrap""]/text()' data='现货上新！系带深口单鞋'>]"
喵小姐&zp186,http://www.go2.cn//go2.i.ximgs.net/5/401245/20200626/20200626181154199202006261811541992_450.jpg,http://www.go2.cn/product/okscssc.html?form=Search,138,"[<Selector xpath='.//div[@class=""cont-wrap""]/div[@class=""pro-info app-text-nowrap""]/text()' data='粗跟单鞋 圆头单鞋 工作鞋'>]"
喜来登&299-1,http://www.go2.cn//go2.i.ximgs.net/7/2617/20200501/20200501250922022_450.jpg,http://www.go2.cn/product/okgookq.html?form=Search,61,"[<Selector xpath='.//div[@class=""cont-wrap""]/div[@class=""pro-info app-text-nowrap""]/text()' data='新款洛丽塔粗跟单鞋，超纤内里，32-33码，大小码可退换！'>]"
岷欣&1005-1,http://www.go2.cn//go2.i.ximgs.net/3/526243/20200702/20200702250123058_450.jpg,http://www.go2.cn/product/okkqmqi.html?form=Search,165,"[<Selector xpath='.//div[@class=""cont-wrap""]/div[@class=""pro-info app-text-nowrap""]/text()' data='现货上新，金属牛皮深口单鞋'>]"
小魔女&DX2561,http://www.go2.cn//go2.i.ximgs.net/6/193766/20200609/20200609002596074_450.jpg,http://www.go2.cn/product/okioaqc.html?form=Search,145,"[<Selector xpath='.//div[@class=""cont-wrap""]/div[@class=""pro-info app-text-nowrap""]/text()' data='韩版 单鞋'>]"
凯瑟琳&Y04-1,http://www.go2.cn//go2.i.ximgs.net/8/110578/20200610/20200610546950022_450.jpg,http://www.go2.cn/product/okioigo.html?form=Search,158,"[<Selector xpath='.//div[@class=""cont-wrap""]/div[@class=""pro-info app-text-nowrap""]/text()' data='2020秋季新款 百搭 时尚 单鞋'>]"
芭莎菲尔&L231,http://www.go2.cn//go2.i.ximgs.net/1/182311/20200417/20200417373601010_450.jpg,http://www.go2.cn/product/okmseio.html?form=Search,145,"[<Selector xpath='.//div[@class=""cont-wrap""]/div[@class=""pro-info app-text-nowrap""]/text()' data='JC水晶透明跟单鞋'>]"
蒲公英&H169,http://www.go2.cn//go2.i.ximgs.net/5/74845/20200629/20200629457951029_450.jpg,http://www.go2.cn/product/okskaiq.html?form=Search,58,"[<Selector xpath='.//div[@class=""cont-wrap""]/div[@class=""pro-info app-text-nowrap""]/text()' data='2020新款圆头蝴蝶结粗跟中跟大童单鞋女洛丽塔一字扣宴会鞋'>]"
奇盛&A55,http://www.go2.cn//go2.i.ximgs.net/1/117021/20200616/20200616471719050_450.jpg,http://www.go2.cn/product/okiiqis.html?form=Search,158,"[<Selector xpath='.//div[@class=""cont-wrap""]/div[@class=""pro-info app-text-nowrap""]/text()' data='欧美气质单鞋女2020秋季新款蝴蝶结高跟单鞋女牛皮'>]"
艾家&AJ-15-1,http://www.go2.cn//go2.i.ximgs.net/7/17467/20200604/20200604357440019_450.jpg,http://www.go2.cn/product/okeimsa.html?form=Search,135,"[<Selector xpath='.//div[@class=""cont-wrap""]/div[@class=""pro-info app-text-nowrap""]/text()' data='拼色单鞋真皮 现货 工厂直发'>]"
岷欣&1042-1,http://www.go2.cn//go2.i.ximgs.net/3/526243/20200702/20200702981108053_450.jpg,http://www.go2.cn/product/okkqmam.html?form=Search,165,"[<Selector xpath='.//div[@class=""cont-wrap""]/div[@class=""pro-info app-text-nowrap""]/text()' data='现货现货，系带深口单鞋'>]"
大吉&GL1232,http://www.go2.cn//go2.i.ximgs.net/4/614114/20200525/20200525014300046_450.jpg,http://www.go2.cn/product/okciqoi.html?form=Search,138,"[<Selector xpath='.//div[@class=""cont-wrap""]/div[@class=""pro-info app-text-nowrap""]/text()' data='2020夏季尖头平底单鞋'>]"
弘源&H2196,http://www.go2.cn//go2.i.ximgs.net/3/113413/20200704/202007042038531962020070420385319612_450.png,http://www.go2.cn/product/okkcgis.html?form=Search,160,"[<Selector xpath='.//div[@class=""cont-wrap""]/div[@class=""pro-info app-text-nowrap""]/text()' data='欧美 单鞋'>]"
岷欣&1032-1,http://www.go2.cn//go2.i.ximgs.net/3/526243/20200622/20200622917922057_450.jpg,http://www.go2.cn/product/oksqoea.html?form=Search,160,"[<Selector xpath='.//div[@class=""cont-wrap""]/div[@class=""pro-info app-text-nowrap""]/text()' data='现货现货现货 蝴蝶结 真皮单鞋'>]"
岷欣&1202,http://www.go2.cn//go2.i.ximgs.net/3/526243/20210104/20210104108845007_450.jpg,http://www.go2.cn/product/oksmoog.html?form=Search,155,"[<Selector xpath='.//div[@class=""cont-wrap""]/div[@class=""pro-info app-text-nowrap""]/text()' data='现货上新！秋季新品 中口单鞋'>]"
缪丑丑&C437,http://www.go2.cn//go2.i.ximgs.net/0/621760/20200709/20200709617639006_450.jpg,http://www.go2.cn/product/qmmockq.html?form=Search,168,"[<Selector xpath='.//div[@class=""cont-wrap""]/div[@class=""pro-info app-text-nowrap""]/text()' data='风法式高跟小高跟单鞋 里外全皮 3340可退换'>]"
木果&903-3,http://www.go2.cn//go2.i.ximgs.net/4/55634/20200617/20200617561112069_450.jpg,http://www.go2.cn/product/okiikaq.html?form=Search,58,"[<Selector xpath='.//div[@class=""cont-wrap""]/div[@class=""pro-info app-text-nowrap""]/text()' data='2020秋冬新款单鞋蝴蝶结系带'>]"
韩元素&9-009,http://www.go2.cn//go2.i.ximgs.net/9/79209/20200628/20200628485588007_450.jpg,http://www.go2.cn/product/oksices.html?form=Search,120,"[<Selector xpath='.//div[@class=""cont-wrap""]/div[@class=""pro-info app-text-nowrap""]/text()' data='气质百搭款 坡跟单鞋工作鞋'>]"
雨田&516,http://www.go2.cn//go2.i.ximgs.net/5/107025/20200713/20200713120451864202007131204518649_450.jpg,http://www.go2.cn/product/qmmesqe.html?form=Search,160,"[<Selector xpath='.//div[@class=""cont-wrap""]/div[@class=""pro-info app-text-nowrap""]/text()' data='欧美深口单鞋'>]"
朵丽&139-2,http://www.go2.cn//go2.i.ximgs.net/7/9247/20200703/20200703863427131_450.jpg,http://www.go2.cn/product/okkgmsc.html?form=Search,140,"[<Selector xpath='.//div[@class=""cont-wrap""]/div[@class=""pro-info app-text-nowrap""]/text()' data='2020新款一字带浅口单鞋中粗跟'>]"
BOBO&3026,http://www.go2.cn//go2.i.ximgs.net/9/42349/20200701/20200701725192014_450.jpg,http://www.go2.cn/product/okkocos.html?form=Search,168,"[<Selector xpath='.//div[@class=""cont-wrap""]/div[@class=""pro-info app-text-nowrap""]/text()' data='厚底松糕单鞋真皮女'>]"
岷欣&1201,http://www.go2.cn//go2.i.ximgs.net/3/526243/20210104/20210104827252046_450.jpg,http://www.go2.cn/product/oksmooq.html?form=Search,155,"[<Selector xpath='.//div[@class=""cont-wrap""]/div[@class=""pro-info app-text-nowrap""]/text()' data='现货上新！秋季单鞋'>]"
大眼睛&L54101,http://www.go2.cn//go2.i.ximgs.net/4/598154/20200630/20200630125921267202006301259212679_450.jpg,http://www.go2.cn/product/okioiqg.html?form=Search,138,"[<Selector xpath='.//div[@class=""cont-wrap""]/div[@class=""pro-info app-text-nowrap""]/text()' data='2020秋季新款 百搭 时尚 单鞋  软  现货多'>]"
雨田&512,http://www.go2.cn//go2.i.ximgs.net/5/107025/20200713/20200713115958483202007131159584832_450.jpg,http://www.go2.cn/product/qmmesqs.html?form=Search,160,"[<Selector xpath='.//div[@class=""cont-wrap""]/div[@class=""pro-info app-text-nowrap""]/text()' data='欧美深口单鞋'>]"
蜈蚣精&L4274,http://www.go2.cn//go2.i.ximgs.net/5/595115/20200722/202007221655303162020072216553031612_450.jpg,http://www.go2.cn/product/okqcemg.html?form=Search,208,"[<Selector xpath='.//div[@class=""cont-wrap""]/div[@class=""pro-info app-text-nowrap""]/text()' data='法式复古玛丽珍 红色漆皮玛丽珍 漆皮红色皮鞋'>]"
米澳&W16-1,http://www.go2.cn//go2.i.ximgs.net/8/574078/20200419/20200419008854040_450.jpg,http://www.go2.cn/product/okoomee.html?form=Search,125,"[<Selector xpath='.//div[@class=""cont-wrap""]/div[@class=""pro-info app-text-nowrap""]/text()' data='大货 真皮尖头网纱单鞋高跟羊琼浅口细跟鞋子女2020新款羊翻皮蕾丝女鞋'>]"
鸿鞋尔&2026,http://www.go2.cn//go2.i.ximgs.net/8/448/20200623/20200623347182004_450.jpg,http://www.go2.cn/product/oksqsmg.html?form=Search,148,"[<Selector xpath='.//div[@class=""cont-wrap""]/div[@class=""pro-info app-text-nowrap""]/text()' data='真皮单鞋女中跟粗跟水钻2020春秋季新款女式皮鞋浅口低帮女鞋'>]"
大眼睛&L56104,http://www.go2.cn//go2.i.ximgs.net/4/598154/20200609/20200609935853062_450.jpg,http://www.go2.cn/product/okioios.html?form=Search,148,"[<Selector xpath='.//div[@class=""cont-wrap""]/div[@class=""pro-info app-text-nowrap""]/text()' data='2020秋季新款 百搭 时尚 单鞋 复古'>]"
岷欣&1216,http://www.go2.cn//go2.i.ximgs.net/3/526243/20200627/20200627727239053_450.jpg,http://www.go2.cn/product/okseqee.html?form=Search,168,"[<Selector xpath='.//div[@class=""cont-wrap""]/div[@class=""pro-info app-text-nowrap""]/text()' data='现货深口单鞋上新啦！现货现货现货'>]"
熙美&2282-006,http://www.go2.cn//go2.i.ximgs.net/4/527384/20200628/20200628190120076202006281901200763_450.jpg,http://www.go2.cn/product/okssmig.html?form=Search,145,"[<Selector xpath='.//div[@class=""cont-wrap""]/div[@class=""pro-info app-text-nowrap""]/text()' data='高跟防水台粗跟真皮单鞋'>]"
鸿鞋尔&2027,http://www.go2.cn//go2.i.ximgs.net/8/448/20200712/20200712883630021_450.jpg,http://www.go2.cn/product/qmmecqa.html?form=Search,148,"[<Selector xpath='.//div[@class=""cont-wrap""]/div[@class=""pro-info app-text-nowrap""]/text()' data='真皮单鞋女中跟粗跟水钻浅口低帮鞋2020春秋新款大货已出'>]"
岷欣&1050-1,http://www.go2.cn//go2.i.ximgs.net/3/526243/20200702/20200702293539036_450.jpg,http://www.go2.cn/product/okkqmaa.html?form=Search,175,"[<Selector xpath='.//div[@class=""cont-wrap""]/div[@class=""pro-info app-text-nowrap""]/text()' data='现货现货，内增高深口单鞋'>]"
兴宏璐&X752,http://www.go2.cn//go2.i.ximgs.net/8/9038/20200607/20200607431126022_450.jpg,http://www.go2.cn/product/okekekc.html?form=Search,168,"[<Selector xpath='.//div[@class=""cont-wrap""]/div[@class=""pro-info app-text-nowrap""]/text()' data='欧美 单鞋'>]"
蓉欣鞋业&R3013,http://www.go2.cn//go2.i.ximgs.net/5/85525/20200515/20200515023525012_450.jpg,http://www.go2.cn/product/okaiiae.html?form=Search,158,"[<Selector xpath='.//div[@class=""cont-wrap""]/div[@class=""pro-info app-text-nowrap""]/text()' data='现货！草莓网纱水钻乐福鞋厚底大小码松糕鞋鞋'>]"
菲洲&9259,http://www.go2.cn//go2.i.ximgs.net/1/631531/20200730/20200730215921068202007302159210688_450.jpg,http://www.go2.cn/product/qmmocms.html?form=Search,125,"[<Selector xpath='.//div[@class=""cont-wrap""]/div[@class=""pro-info app-text-nowrap""]/text()' data='一字扣带玛丽珍珍珠鞋'>]"
鸿鞋尔&2035,http://www.go2.cn//go2.i.ximgs.net/8/448/20200623/20200623310812018_450.jpg,http://www.go2.cn/product/oksqsqe.html?form=Search,148,"[<Selector xpath='.//div[@class=""cont-wrap""]/div[@class=""pro-info app-text-nowrap""]/text()' data='春秋季真皮单鞋女中跟粗跟水钻浅口低帮方头2020新款女式皮鞋'>]"
熙美&2283-L05,http://www.go2.cn//go2.i.ximgs.net/4/527384/20200621/20200621750573004_450.jpg,http://www.go2.cn/product/oksoaog.html?form=Search,150,"[<Selector xpath='.//div[@class=""cont-wrap""]/div[@class=""pro-info app-text-nowrap""]/text()' data='高跟防水台粗跟真皮单鞋'>]"
金曼&金曼-M8803,http://www.go2.cn//go2.i.ximgs.net/2/62562/20200608/20200608221405874202006082214058748_450.jpg,http://www.go2.cn/product/okimics.html?form=Search,138,"[<Selector xpath='.//div[@class=""cont-wrap""]/div[@class=""pro-info app-text-nowrap""]/text()' data='现货上架蝴蝶结低跟单鞋'>]"
BOBO&3024,http://www.go2.cn//go2.i.ximgs.net/9/42349/20200701/20200701134999010_450.jpg,http://www.go2.cn/product/okkoake.html?form=Search,168,"[<Selector xpath='.//div[@class=""cont-wrap""]/div[@class=""pro-info app-text-nowrap""]/text()' data='厚底方头乐福鞋'>]"
夏沫女鞋&130-5,http://www.go2.cn//go2.i.ximgs.net/7/43387/20200511/20200511377060081_450.jpg,http://www.go2.cn/product/okaqeoo.html?form=Search,130,"[<Selector xpath='.//div[@class=""cont-wrap""]/div[@class=""pro-info app-text-nowrap""]/text()' data='简约浅口单鞋'>]"
兴宏璐&X7521,http://www.go2.cn//go2.i.ximgs.net/8/9038/20200607/20200607325284050_450.jpg,http://www.go2.cn/product/okekimo.html?form=Search,168,"[<Selector xpath='.//div[@class=""cont-wrap""]/div[@class=""pro-info app-text-nowrap""]/text()' data='欧美 单鞋'>]"
奇盛&B211,http://www.go2.cn//go2.i.ximgs.net/1/117021/20200618/20200618052984054_450.jpg,http://www.go2.cn/product/okiseim.html?form=Search,160,"[<Selector xpath='.//div[@class=""cont-wrap""]/div[@class=""pro-info app-text-nowrap""]/text()' data='牛皮高跟鞋2020秋季新款牛皮高跟粗跟单鞋简约百搭低帮鞋'>]"
汤米先生&H2041,http://www.go2.cn//go2.i.ximgs.net/1/31681/20200429/20200429123883021_450.jpg,http://www.go2.cn/product/okqkimi.html?form=Search,85,"[<Selector xpath='.//div[@class=""cont-wrap""]/div[@class=""pro-info app-text-nowrap""]/text()' data='【现货】大码可退换2020新款 漆皮 亮面皮 玛丽珍 珍珠一字扣 春秋新款...'>]"
金麒瑞&818-2A,http://www.go2.cn//go2.i.ximgs.net/0/390360/20200702/20200702163894001_450.jpg,http://www.go2.cn/product/okkosei.html?form=Search,185,"[<Selector xpath='.//div[@class=""cont-wrap""]/div[@class=""pro-info app-text-nowrap""]/text()' data='大量现货 2020秋季新款窝窝鞋防水台深口高跟单鞋 欧美  '>]"
韩元素&8-013,http://www.go2.cn//go2.i.ximgs.net/9/79209/20200628/20200628511654035_450.jpg,http://www.go2.cn/product/oksicak.html?form=Search,150,"[<Selector xpath='.//div[@class=""cont-wrap""]/div[@class=""pro-info app-text-nowrap""]/text()' data='气质百搭款 坡跟单鞋工作鞋'>]"
熙媚尔&A1999,http://www.go2.cn//go2.i.ximgs.net/0/31190/20200626/20200626489005046_450.jpg,http://www.go2.cn/product/okscsei.html?form=Search,148,"[<Selector xpath='.//div[@class=""cont-wrap""]/div[@class=""pro-info app-text-nowrap""]/text()' data='2020新款头层珠光漆皮，羊皮鞋垫，铆钉尖头细跟浅口单鞋，现货'>]"
欧洛迪&271,http://www.go2.cn//go2.i.ximgs.net/1/65721/20200613/20200613417199053_450.jpg,http://www.go2.cn/product/okiaqak.html?form=Search,148,"[<Selector xpath='.//div[@class=""cont-wrap""]/div[@class=""pro-info app-text-nowrap""]/text()' data='现货现货！新款玛丽珍鞋！'>]"
美足缘真皮&829,http://www.go2.cn//go2.i.ximgs.net/9/25859/20200709/20200709302192059_450.jpg,http://www.go2.cn/product/qmmqaem.html?form=Search,180,"[<Selector xpath='.//div[@class=""cont-wrap""]/div[@class=""pro-info app-text-nowrap""]/text()' data='韩版休闲单鞋'>]"
东之美&9-011,http://www.go2.cn//go2.i.ximgs.net/8/133268/20200705/20200705229492001_450.jpg,http://www.go2.cn/product/okkciae.html?form=Search,120,"[<Selector xpath='.//div[@class=""cont-wrap""]/div[@class=""pro-info app-text-nowrap""]/text()' data='气质百搭款 坡跟单鞋工作鞋'>]"
睿妮思&2300,http://www.go2.cn//go2.i.ximgs.net/2/13622/20200615/20200615677916159_450.jpg,http://www.go2.cn/product/okieqmo.html?form=Search,160,"[<Selector xpath='.//div[@class=""cont-wrap""]/div[@class=""pro-info app-text-nowrap""]/text()' data='新款欧美尖头防水台细高跟真皮浅口单鞋12厘米高跟'>]"
奇盛&A515,http://www.go2.cn//go2.i.ximgs.net/1/117021/20200618/20200618190839332202006181908393325_450.jpg,http://www.go2.cn/product/okismmg.html?form=Search,158,"[<Selector xpath='.//div[@class=""cont-wrap""]/div[@class=""pro-info app-text-nowrap""]/text()' data='2020秋季新款上新牛漆皮粗跟中跟单鞋女简约百搭单鞋'>]"
忆江南&FVS56,http://www.go2.cn//go2.i.ximgs.net/3/54853/20200708/20200708763545031_450.jpg,http://www.go2.cn/product/qmmoqqc.html?form=Search,158,"[<Selector xpath='.//div[@class=""cont-wrap""]/div[@class=""pro-info app-text-nowrap""]/text()' data='春节新款 舒适 百搭 单鞋 '>]"
